hgvs2,hgvs,SM73_0_score,SM73_1_score,GFP_score,pos,len,mutation_type,variants,is.wt,Chromosome,Position,rsIDs,Reference,Alternate,Source,Filters - exomes,Filters - genomes,Transcript,Protein Consequence,Transcript Consequence,VEP Annotation,ClinVar Clinical Significance,ClinVar Variation ID,Flags,Allele Count,Allele Number,Allele Frequency,Homozygote Count,Hemizygote Count,AlleleFrequencyP_Total,AlleleFrequencyP_Other,AlleleFrequencyP_EuropeanFinnish,AlleleFrequencyP_LatinoAdmixedAmerican,AlleleFrequencyP_Amish,AlleleFrequencyP_EastAsian,AlleleFrequencyP_MiddleEastern,AlleleFrequencyP_AfricanAfricanAmerican,AlleleFrequencyP_SouthAsian,AlleleFrequencyP_AshkenaziJewish,AlleleFrequencyP_EuropeanNonFinnish,Poor_SM73_1_score_morethan0.6,Poor_GFP_score_lessthan-0.6,Previously characterized,Note
p.Val4Ala,p.(V4A),-0.005368782,-0.525559797,-0.885962295,4,1,M,A,FALSE,6,160121946,,T,C,gnomAD Genomes,NA,PASS,ENST00000366963.9,p.Val4Ala,c.11T>C,missense_variant,,NA,,1,152214,6.57E-06,0,0,0.00065697,0,0,0,0,0,0,0.002412429,0,0,0,normal,poor,No,
p.Val11Ala,p.(V11A),0.053311602,0.054705315,-0.323650952,11,1,M,A,FALSE,6,160121967,rs749926302,T,C,gnomAD Genomes,NA,PASS,ENST00000366963.9,p.Val11Ala,c.32T>C,missense_variant,,NA,,19,152180,0.000124852,0,0,0.012485215,0,0,0.019625801,0,0,0,0.014482259,0,0,0.014699397,normal,normal,No,
p.Val11Asp,p.(V11D),-0.081706947,0.565450785,-1.068858967,11,1,M,D,FALSE,6,160121967,rs749926302,T,A,gnomAD Genomes,NA,PASS,ENST00000366963.9,p.Val11Asp,c.32T>A,missense_variant,,NA,,4,152180,2.63E-05,0,0,0.002628466,0,0,0,0,0,0,0.009654839,0,0,0,normal,poor,No,
p.Gly12Glu,p.(G12E),0.114692453,0.407416502,-0.639273545,12,1,M,E,FALSE,6,160121970,rs756098824,G,A,gnomAD Genomes,NA,PASS,ENST00000366963.9,p.Gly12Glu,c.35G>A,missense_variant,,NA,,1,152252,6.57E-06,0,0,0.000656806,0,0,0,0,0,0,0.002411847,0,0,0,normal,poor,No,
p.Ser14Phe,p.(S14F),0.228354997,-0.213393294,0.204130865,14,1,M,F,FALSE,6,160121976,rs34447885,C,T,gnomAD Genomes,NA,PASS,ENST00000366963.9,p.Ser14Phe,c.41C>T,missense_variant,,NA,,1037,152258,0.006810808,10,0,0.681080797,0.622009569,0,0.314053913,0,0,0.949367089,2.292892275,0.082747207,0.028801843,0.024984568,normal,normal,Yes,
p.Trp16Leu,p.(W16L),-0.084458758,-0.621559592,0.319889218,16,1,M,L,FALSE,6,160121982,rs1374644494,G,T,gnomAD Genomes,NA,PASS,ENST00000366963.9,p.Trp16Leu,c.47G>T,missense_variant,,NA,,1,152256,6.57E-06,0,0,0.000656789,0,0,0,0,0,0,0,0,0,0.001469551,normal,normal,No,
p.Ala21Val,p.(A21V),-0.033121437,-0.955534405,1.252381863,21,1,M,V,FALSE,6,160121997,rs980071986,C,T,gnomAD Genomes,NA,PASS,ENST00000366963.9,p.Ala21Val,c.62C>T,missense_variant,,NA,,1,152238,6.57E-06,0,0,0.000656866,0,0,0,0,0,0,0,0,0,0.00146968,normal,normal,No,
p.Phe22Tyr,p.(F22Y),0.092306999,-0.349585145,1.099941115,22,1,M,Y,FALSE,6,160122000,,T,A,gnomAD Genomes,NA,PASS,ENST00000366963.9,p.Phe22Tyr,c.65T>A,missense_variant,,NA,,1,152222,6.57E-06,0,0,0.000656935,0,0,0,0,0,0,0,0.020678246,0,0,normal,normal,No,
p.Leu23Val,p.(L23V),-0.192118838,-0.505755168,0.387107234,23,1,M,V,FALSE,6,160122002,rs34570655,C,G,gnomAD Genomes,NA,PASS,ENST00000366963.9,p.Leu23Val,c.67C>G,missense_variant,,NA,,107,152234,0.000702865,0,0,0.070286533,0,0,0.019625801,0,0,0,0.250844187,0,0,0,normal,normal,No,
p.Ser29Leu,p.(S29L),-0.026213741,1.930213297,-2.328139106,29,1,M,L,FALSE,6,160122021,rs375175439,C,T,gnomAD Genomes,NA,PASS,ENST00000366963.9,p.Ser29Leu,c.86C>T,missense_variant,,NA,,3,152220,1.97E-05,0,0,0.001970832,0,0,0,0,0.019267823,0,0,0.020703934,0,0.00146981,poor,poor,Yes,
p.Ala31Val,p.(A31V),-0.122205928,0.283100595,-0.776163807,31,1,M,V,FALSE,6,160122027,rs1228388059,C,T,gnomAD Genomes,NA,PASS,ENST00000366963.9,p.Ala31Val,c.92C>T,missense_variant,,NA,,1,152240,6.57E-06,0,0,0.000656858,0,0,0,0,0,0,0.002411498,0,0,0,normal,poor,No,
p.Ala33Val,p.(A33V),-0.001457062,0.639730616,-1.06456221,33,1,M,V,FALSE,6,160122033,rs550392111,C,T,gnomAD Genomes,NA,PASS,ENST00000366963.9,p.Ala33Val,c.98C>T,missense_variant,,NA,,5,152250,3.28E-05,0,0,0.003284072,0,0,0,0,0.057803468,0,0,0,0,0.002939188,poor,poor,No,
p.Ile35Thr,p.(I35T),0.012267034,0.861635752,-0.844280295,35,1,M,T,FALSE,6,160122039,rs765568729,T,C,gnomAD Genomes,NA,PASS,ENST00000366963.9,p.Ile35Thr,c.104T>C,missense_variant,,NA,,1,152220,6.57E-06,0,0,0.000656944,0,0,0,0,0,0,0,0,0,0.00146968,poor,poor,No,
p.Cys36Trp,p.(C36W),0.328149496,0.344987188,0.58914951,36,1,M,W,FALSE,6,160122043,rs1415661322,T,G,gnomAD Genomes,NA,PASS,ENST00000366963.9,p.Cys36Trp,c.108T>G,missense_variant,,NA,,1,152236,6.57E-06,0,0,0.000656875,0,0,0,0,0,0,0,0,0,0.001469637,normal,normal,No,
p.Cys36Tyr,p.(C36Y),0.092441168,-0.381001255,1.915868889,36,1,M,Y,FALSE,6,160122042,,G,A,gnomAD Genomes,NA,PASS,ENST00000366963.9,p.Cys36Tyr,c.107G>A,missense_variant,,NA,,2,152250,1.31E-05,0,0,0.001313629,0,0,0,0,0,0,0.002411149,0,0,0.001469724,normal,normal,No,
p.Gly38Asp,p.(G38D),0.022141885,-0.226974609,-0.476389835,38,1,M,D,FALSE,6,160122048,rs35888596,G,A,gnomAD Genomes,NA,PASS,ENST00000366963.9,p.Gly38Asp,c.113G>A,missense_variant,,NA,,434,152238,0.002850799,7,0,0.285079941,0.956937799,0,0.510337608,0.109649123,0.019275251,7.278481013,0.053050398,0.144747725,3.748558247,0.223378303,normal,normal,No,
p.Val40Ile,p.(V40I),-0.180827827,-0.447963636,0.015709805,40,1,M,I,FALSE,6,160122053,rs753772607,G,A,gnomAD Genomes,NA,PASS,ENST00000366963.9,p.Val40Ile,c.118G>A,missense_variant,,NA,,10,152228,6.57E-05,0,0,0.006569094,0,0,0.019630938,0,0,0,0.002411382,0,0,0.008817824,normal,normal,No,
p.Leu42Arg,p.(L42R),-0.12018488,1.827111317,-1.934694904,42,1,M,R,FALSE,6,160122060,rs778919765,T,G,gnomAD Genomes,NA,PASS,ENST00000366963.9,p.Leu42Arg,c.125T>G,missense_variant,,NA,,10,152246,6.57E-05,0,0,0.006568317,0,0.037629351,0,0,0,0,0,0,0,0.008817565,poor,poor,No,
p.Thr45Arg,p.(T45R),-0.06298844,-0.512444177,0.356205035,45,1,M,R,FALSE,6,160122069,rs190270215,C,G,gnomAD Genomes,NA,PASS,ENST00000366963.9,p.Thr45Arg,c.134C>G,missense_variant,,NA,,3,152258,1.97E-05,0,0,0.00197034,0,0,0,0,0,0,0.007233099,0,0,0,normal,normal,No,
p.Thr45Ile,p.(T45I),0.086367442,-0.044237102,-0.178250332,45,1,M,I,FALSE,6,160122069,rs190270215,C,T,gnomAD Genomes,NA,PASS,ENST00000366963.9,p.Thr45Ile,c.134C>T,missense_variant,,NA,,1,152258,6.57E-06,0,0,0.00065678,0,0,0,0,0.019275251,0,0,0,0,0,normal,normal,No,
p.His48Tyr,p.(H48Y),0.306809421,-0.054574391,-0.093546205,48,1,M,Y,FALSE,6,160122077,rs1375763941,C,T,gnomAD Genomes,NA,PASS,ENST00000366963.9,p.His48Tyr,c.142C>T,missense_variant,,NA,,1,152242,6.57E-06,0,0,0.000656849,0,0,0,0,0.019275251,0,0,0,0,0,normal,normal,No,
p.Ala56Val,p.(A56V),0.003846013,-0.300402478,1.047438988,56,1,M,V,FALSE,6,160122102,rs763318204,C,T,gnomAD Genomes,NA,PASS,ENST00000366963.9,p.Ala56Val,c.167C>T,missense_variant,,NA,,1,152252,6.57E-06,0,0,0.000656806,0,0,0,0,0,0,0,0,0,0.001469724,normal,normal,No,
p.Glu57Lys,p.(E57K),0.183864033,0.221232009,-0.214026817,57,1,M,K,FALSE,6,160122104,rs1305316089,G,A,gnomAD Genomes,NA,PASS,ENST00000366963.9,p.Glu57Lys,c.169G>A,missense_variant,,NA,,3,152260,1.97E-05,0,0,0.001970314,0,0,0.006541934,0,0,0,0,0,0,0.002939188,normal,normal,No,
p.Ser59Asn,p.(S59N),-0.149807416,0.100097331,-0.728915397,59,1,M,N,FALSE,6,160122111,rs1028655210,G,A,gnomAD Genomes,NA,PASS,ENST00000366963.9,p.Ser59Asn,c.176G>A,missense_variant,,NA,,1,152262,6.57E-06,0,0,0.000656763,0,0,0,0,0,0,0,0,0,0.001469724,normal,poor,No,
p.Arg61His,p.(R61H),-0.531468502,-0.682719337,0.363114283,61,1,M,H,FALSE,6,160122117,rs145649236,G,A,gnomAD Genomes,NA,PASS,ENST00000366963.9,p.Arg61His,c.182G>A,missense_variant,,NA,,3,152270,1.97E-05,0,0,0.001970185,0,0.009407338,0,0,0.019245574,0,0,0,0,0.00146968,normal,normal,No,
p.Arg61Cys,p.(R61C),0.009142773,0.865676757,-1.670083341,61,1,M,C,FALSE,6,160122116,rs12208357,C,T,gnomAD Genomes,NA,PASS,ENST00000366963.9,p.Arg61Cys,c.181C>T,missense_variant,,NA,,7306,152246,0.047988124,230,0,4.798812448,4.345749761,5.900621118,2.779958137,10.96491228,0.057736721,8.860759494,1.082762612,2.523789822,9.533410138,7.53968254,poor,poor,Yes,
p.Ala67Val,p.(A67V),0.154186307,-0.508530892,0.803667546,67,1,M,V,FALSE,6,160122135,rs777661737,C,T,gnomAD Genomes,NA,PASS,ENST00000366963.9,p.Ala67Val,c.200C>T,missense_variant,,NA,,6,152260,3.94E-05,0,0,0.003940628,0,0,0.006541934,0,0,0,0.002411033,0.041339396,0,0.002939275,normal,normal,No,
p.Leu70Met,p.(L70M),0.161758347,0.219737734,-0.144475452,70,1,M,M,FALSE,6,160122143,,C,A,gnomAD Genomes,NA,PASS,ENST00000366963.9,p.Leu70Met,c.208C>A,missense_variant,,NA,,1,152270,6.57E-06,0,0,0.000656728,0,0,0,0,0,0,0,0,0,0.00146981,normal,normal,No,
p.Leu70Val,p.(L70V),0.08894964,-0.372145098,0.444351831,70,1,M,V,FALSE,6,160122143,rs1473907452,C,G,gnomAD Genomes,NA,PASS,ENST00000366963.9,p.Leu70Val,c.208C>G,missense_variant,,NA,,1,152270,6.57E-06,0,0,0.000656728,0,0,0,0,0,0,0,0,0,0.00146981,normal,normal,No,
p.Asn71Ser,p.(N71S),0.035023488,-0.7499227,-0.037622321,71,1,M,S,FALSE,6,160122147,rs149135239,A,G,gnomAD Genomes,NA,PASS,ENST00000366963.9,p.Asn71Ser,c.212A>G,missense_variant,,NA,,27,152268,0.000177319,0,0,0.017731894,0,0.009407338,0.006539367,0,0,0,0.004821833,0,0,0.033802651,normal,normal,No,
p.Tyr72Cys,p.(Y72C),0.403938341,1.029371888,-2.131212685,72,1,M,C,FALSE,6,160122150,rs745944087,A,G,gnomAD Genomes,NA,PASS,ENST00000366963.9,p.Tyr72Cys,c.215A>G,missense_variant,,NA,,3,152224,1.97E-05,0,0,0.00197078,0,0,0,0,0,0,0,0.062060405,0,0,poor,poor,No,
p.Pro79Leu,p.(P79L),0.41214276,-0.221830602,0.580733015,79,1,M,L,FALSE,6,160122171,rs200409072,C,T,gnomAD Genomes,NA,PASS,ENST00000366963.9,p.Pro79Leu,c.236C>T,missense_variant,,NA,,3,152252,1.97E-05,0,0,0.001970417,0,0,0,0,0.057758953,0,0,0,0,0,normal,normal,No,
p.Ala80Glu,p.(A80E),-0.264422798,-0.790051709,0.900384186,80,1,M,E,FALSE,6,160122174,rs145740120,C,A,gnomAD Genomes,NA,PASS,ENST00000366963.9,p.Ala80Glu,c.239C>A,missense_variant,,NA,,1,152236,6.57E-06,0,0,0.000656875,0,0,0,0,0,0,0,0,0,0.001469897,normal,normal,No,
p.Ala80Thr,p.(A80T),-0.185596363,-1.060367317,0.873714126,80,1,M,T,FALSE,6,160122173,rs760315741,G,A,gnomAD Genomes,NA,PASS,ENST00000366963.9,p.Ala80Thr,c.238G>A,missense_variant,,NA,,5,152246,3.28E-05,0,0,0.003284159,0.047801147,0,0,0,0.019238169,0,0.002411149,0,0,0.002939275,normal,normal,No,
p.Ala80Val,p.(A80V),-0.06853755,0.549103524,-0.850805334,80,1,M,V,FALSE,6,160122174,rs145740120,C,T,gnomAD Genomes,NA,PASS,ENST00000366963.9,p.Ala80Val,c.239C>T,missense_variant,,NA,,15,152236,9.85E-05,0,0,0.009853123,0,0,0,0,0.038476337,0,0.009646923,0.082747207,0,0.007349483,normal,poor,No,
p.Glu82Lys,p.(E82K),-0.202831754,-0.74950025,0.776427407,82,1,M,K,FALSE,6,160122179,rs752701668,G,A,gnomAD Genomes,NA,PASS,ENST00000366963.9,p.Glu82Lys,c.244G>A,missense_variant,,NA,,2,152216,1.31E-05,0,0,0.001313922,0,0,0,0,0,0,0.002411731,0,0,0.001469637,normal,normal,No,
p.Phe84Ile,p.(F84I),-0.095789856,-0.364839912,0.246899625,84,1,M,I,FALSE,6,160122185,rs758386386,T,A,gnomAD Genomes,NA,PASS,ENST00000366963.9,p.Phe84Ile,c.250T>A,missense_variant,,NA,,2,152212,1.31E-05,0,0,0.001313957,0,0,0,0,0,0,0,0,0,0.002940225,normal,normal,No,
p.Leu85Phe,p.(L85F),0.055881894,-0.887875583,0.52445172,85,1,M,F,FALSE,6,160122188,rs35546288,C,T,gnomAD Genomes,NA,PASS,ENST00000366963.9,p.Leu85Phe,c.253C>T,missense_variant,,NA,,144,152224,0.000945974,0,0,0.094597435,0.143403442,0,0.006540222,0,0,0,0.337593441,0,0,0,normal,normal,Yes,
p.Cys88Arg,p.(C88R),0.040530737,1.963846871,-2.391412823,88,1,M,R,FALSE,6,160122197,rs55918055,T,C,gnomAD Genomes,NA,PASS,ENST00000366963.9,p.Cys88Arg,c.262T>C,missense_variant,,NA,,277,152202,0.00181995,1,0,0.18199498,0.19138756,0.084745763,0.183198116,0,0,0.632911392,0.028944956,0.082747207,0.144009217,0.313069551,poor,poor,Yes,
p.Arg89Gly,p.(R89G),-0.241988755,-0.334432548,-0.564902191,89,1,M,G,FALSE,6,160122200,rs781487444,A,G,gnomAD Genomes,NA,PASS,ENST00000366963.9,p.Arg89Gly,c.265A>G,missense_variant,,NA,,2,152224,1.31E-05,0,0,0.001313853,0,0,0.006541078,0,0,0,0.002411382,0,0,0,normal,normal,No,
p.Arg89Lys,p.(R89K),-0.059899321,-0.268341529,0.940581419,89,1,M,K,FALSE,6,160122201,rs371964408,G,A,gnomAD Genomes,NA,PASS,ENST00000366963.9,p.Arg89Lys,c.266G>A,missense_variant,,NA,,4,152246,2.63E-05,0,0,0.002627327,0,0,0,0,0,0,0,0,0,0.005879068,normal,normal,No,
p.Arg90Ser,p.(R90S),0.297209729,0.323786924,-1.048404407,90,1,M,S,FALSE,6,160122203,rs200716785,C,A,gnomAD Genomes,NA,PASS,ENST00000366963.9,p.Arg90Ser,c.268C>A,missense_variant,,NA,,1,152212,6.57E-06,0,0,0.000656978,0,0,0,0,0,0,0.002411847,0,0,0,normal,poor,No,
p.Arg90Cys,p.(R90C),0.046586037,0.784559206,-1.488483957,90,1,M,C,FALSE,6,160122203,rs200716785,C,T,gnomAD Genomes,NA,PASS,ENST00000366963.9,p.Arg90Cys,c.268C>T,missense_variant,,NA,,7,152212,4.60E-05,0,0,0.004598849,0,0.009414423,0,0,0.057848052,0,0.002411847,0,0,0.002939793,poor,poor,No,
p.Arg90His,p.(R90H),-0.05568181,0.625673674,-1.351448025,90,1,M,H,FALSE,6,160122204,rs138657404,G,A,gnomAD Genomes,NA,PASS,ENST00000366963.9,p.Arg90His,c.269G>A,missense_variant,,NA,,6,152208,3.94E-05,0,0,0.003941974,0,0,0,0,0.019275251,0,0.01205749,0,0,0,poor,poor,No,
p.Tyr91His,p.(Y91H),-0.590364567,1.268536352,-2.031433607,91,1,M,H,FALSE,6,160122206,rs913323076,T,C,gnomAD Genomes,NA,PASS,ENST00000366963.9,p.Tyr91His,c.271T>C,missense_variant,,NA,,1,152180,6.57E-06,0,0,0.000657117,0,0,0,0,0,0,0,0,0,0.001470329,poor,poor,No,
p.Gln97Lys,p.(Q97K),-0.324214455,-1.139940342,-0.031153148,97,1,M,K,FALSE,6,160122224,rs772259161,C,A,gnomAD Genomes,NA,PASS,ENST00000366963.9,p.Gln97Lys,c.289C>A,missense_variant,,NA,,1,152228,6.57E-06,0,0,0.000656909,0,0,0,0,0,0,0.002411614,0,0,0,normal,normal,Yes,
p.Ser98Asn,p.(S98N),-0.366667991,-0.200819685,-1.495804381,98,1,M,N,FALSE,6,160122228,rs141775735,G,A,gnomAD Genomes,NA,PASS,ENST00000366963.9,p.Ser98Asn,c.293G>A,missense_variant,,NA,,3,152240,1.97E-05,0,0,0.001970573,0,0,0.006541934,0,0,0,0,0,0,0.002939879,normal,poor,No,
p.Ala99Ser,p.(A99S),-0.499440189,-0.283605831,-0.214954356,99,1,M,S,FALSE,6,160122230,rs535669545,G,T,gnomAD Genomes,NA,PASS,ENST00000366963.9,p.Ala99Ser,c.295G>T,missense_variant,,NA,,1,152210,6.57E-06,0,0,0.000656987,0,0,0,0,0,0,0,0.020695364,0,0,normal,normal,No,
p.Ala99Thr,p.(A99T),0.289624442,-0.723674038,0.532686373,99,1,M,T,FALSE,6,160122230,rs535669545,G,A,gnomAD Genomes,NA,PASS,ENST00000366963.9,p.Ala99Thr,c.295G>A,missense_variant,,NA,,6,152210,3.94E-05,0,0,0.003941922,0,0,0,0,0.057848052,0,0.007235541,0,0,0,normal,normal,No,
p.Asp104Glu,p.(D104E),0.037736817,-0.274787552,-0.037703711,104,1,M,E,FALSE,6,160122247,rs563134940,C,A,gnomAD Genomes,NA,PASS,ENST00000366963.9,p.Asp104Glu,c.312C>A,missense_variant,,NA,,1,152194,6.57E-06,0,0,0.000657056,0,0,0,0,0,0,0,0.020721094,0,0,normal,normal,No,
p.Ala110Val,p.(A110V),0.179595089,-0.584514885,0.552013776,110,1,M,V,FALSE,6,160122264,rs750709201,C,T,gnomAD Genomes,NA,PASS,ENST00000366963.9,p.Ala110Val,c.329C>T,missense_variant,,NA,,1,152252,6.57E-06,0,0,0.000656806,0,0,0,0,0,0,0,0,0,0.001469637,normal,normal,No,
p.Ser114Arg,p.(S114R),-0.1155844,-0.388852358,-0.494624193,114,1,M,R,FALSE,6,160122277,rs1183709991,C,G,gnomAD Genomes,NA,PASS,ENST00000366963.9,p.Ser114Arg,c.342C>G,missense_variant,,NA,,2,152246,1.31E-05,0,0,0.001313663,0,0,0,0,0,0,0,0,0,0.002939275,normal,normal,No,
p.Ser114Asn,p.(S114N),0.191532377,-0.499635253,0.659916185,114,1,M,N,FALSE,6,160122276,rs146272144,G,A,gnomAD Genomes,NA,PASS,ENST00000366963.9,p.Ser114Asn,c.341G>A,missense_variant,,NA,,41,152262,0.000269273,0,0,0.02692727,0.047801147,0,0.019615536,0,0,0,0.074745624,0,0,0.008817565,normal,normal,No,
p.His115Asn,p.(H115N),0.155948196,-0.18729671,0.50360202,115,1,M,N,FALSE,6,160122278,rs1254119973,C,A,gnomAD Genomes,NA,PASS,ENST00000366963.9,p.His115Asn,c.343C>A,missense_variant,,NA,,1,152254,6.57E-06,0,0,0.000656797,0,0,0,0,0,0,0,0.020703934,0,0,normal,normal,No,
p.Pro117Leu,p.(P117L),-0.059946097,0.265086484,-0.459130736,117,1,M,L,FALSE,6,160122285,rs200684404,C,T,gnomAD Genomes,NA,PASS,ENST00000366963.9,p.Pro117Leu,c.350C>T,missense_variant,,NA,,23,152252,0.000151065,0,0,0.015106534,0.095510984,0,0.032692559,0,0.192381685,0,0.002411382,0.020703934,0,0.00587924,normal,normal,Yes,
p.Gly124Asp,p.(G124D),-0.030765611,0.391203503,-1.132791606,124,1,M,D,FALSE,6,160122306,rs1461972056,G,A,gnomAD Genomes,NA,PASS,ENST00000366963.9,p.Gly124Asp,c.371G>A,missense_variant,,NA,,5,152266,3.28E-05,0,0,0.003283727,0,0,0.013078734,0,0,0,0.00723275,0,0,0,normal,poor,No,
p.Trp125Cys,p.(W125C),-0.046452511,1.522411955,-1.92865526,125,1,M,C,FALSE,6,160122310,rs1290210327,G,T,gnomAD Genomes,NA,PASS,ENST00000366963.9,p.Trp125Cys,c.375G>T,missense_variant,,NA,,3,152196,1.97E-05,0,0,0.001971142,0,0,0,0,0,0,0.007237287,0,0,0,poor,poor,No,
p.Val126Leu,p.(V126L),-0.33095587,-0.723953963,-0.058361247,126,1,M,L,FALSE,6,160122311,rs185697157,G,T,gnomAD Genomes,NA,PASS,ENST00000366963.9,p.Val126Leu,c.376G>T,missense_variant,,NA,,2,152240,1.31E-05,0,0,0.001313715,0.047801147,0,0,0,0,0,0.002411847,0,0,0,normal,normal,No,
p.Thr129Met,p.(T129M),0.064651268,0.268140524,-0.439329961,129,1,M,M,FALSE,6,160122321,rs200083538,C,T,gnomAD Genomes,NA,PASS,ENST00000366963.9,p.Thr129Met,c.386C>T,missense_variant,,NA,,3,152246,1.97E-05,0,0,0.001970495,0,0,0,0,0.019215988,0,0,0,0,0.002939275,normal,normal,No,
p.Gly131Arg,p.(G131R),0.239376895,-0.999371426,0.455847363,131,1,M,R,FALSE,6,160122326,rs750183710,G,C,gnomAD Genomes,NA,PASS,ENST00000366963.9,p.Gly131Arg,c.391G>C,missense_variant,,NA,,2,152222,1.31E-05,0,0,0.001313871,0,0,0,0,0,0,0,0,0,0.002939447,normal,normal,No,
p.Gly131Ser,p.(G131S),0.145254281,0.448653363,-0.642467618,131,1,M,S,FALSE,6,160122326,rs750183710,G,A,gnomAD Genomes,NA,PASS,ENST00000366963.9,p.Gly131Ser,c.391G>A,missense_variant,,NA,,2,152222,1.31E-05,0,0,0.001313871,0,0,0,0,0,0,0.004823927,0,0,0,normal,poor,No,
p.Ser132Pro,p.(S132P),-0.127760456,0.341701165,-0.596423031,132,1,M,P,FALSE,6,160122329,rs1408188894,T,C,gnomAD Genomes,NA,PASS,ENST00000366963.9,p.Ser132Pro,c.394T>C,missense_variant,,NA,,1,152212,6.57E-06,0,0,0.000656978,0,0,0,0,0,0,0,0,0,0.00146994,normal,normal,No,
p.Ser132Phe,p.(S132F),0.057595453,0.76966744,-1.243398991,132,1,M,F,FALSE,6,160122330,rs766605382,C,T,gnomAD Genomes,NA,PASS,ENST00000366963.9,p.Ser132Phe,c.395C>T,missense_variant,,NA,,1,152234,6.57E-06,0,0,0.000656883,0,0,0,0,0,0,0,0,0,0.00146968,poor,poor,No,
p.Val135Ala,p.(V135A),0.042043527,-0.46195572,0.517340358,135,1,M,A,FALSE,6,160122339,rs1316913110,T,C,gnomAD Genomes,NA,PASS,ENST00000366963.9,p.Val135Ala,c.404T>C,missense_variant,,NA,,1,152214,6.57E-06,0,0,0.00065697,0,0,0,0,0,0,0,0,0,0.001470069,normal,normal,No,
p.Val135Ile,p.(V135I),0.028363603,0.716010109,-1.450066672,135,1,M,I,FALSE,6,160122338,rs532477464,G,A,gnomAD Genomes,NA,PASS,ENST00000366963.9,p.Val135Ile,c.403G>A,missense_variant,,NA,,7,152206,4.60E-05,0,0,0.00459903,0,0,0.013083868,0,0.019230769,0,0.004825556,0,0,0.00293962,poor,poor,No,
p.Ser145Cys,p.(S145C),0.063007891,1.019471184,-1.379064118,145,1,M,C,FALSE,6,160130126,,C,G,gnomAD Genomes,NA,PASS,ENST00000366963.9,p.Ser145Cys,c.434C>G,missense_variant,,NA,,1,151584,6.60E-06,0,0,0.0006597,0,0,0,0,0,0,0,0,0,0.001470631,poor,poor,No,
p.Ser145Phe,p.(S145F),-0.2983735,0.802775035,-1.133379459,145,1,M,F,FALSE,6,160130126,rs1190038613,C,T,gnomAD Genomes,NA,PASS,ENST00000366963.9,p.Ser145Phe,c.434C>T,missense_variant,,NA,,1,151584,6.60E-06,0,0,0.0006597,0,0,0,0,0,0,0,0,0,0.001470631,poor,poor,No,
p.Leu148Val,p.(L148V),-0.026959669,0.181298247,0.119738037,148,1,M,V,FALSE,6,160130134,rs781645828,C,G,gnomAD Genomes,NA,PASS,ENST00000366963.9,p.Leu148Val,c.442C>G,missense_variant,,NA,,1,151808,6.59E-06,0,0,0.000658727,0,0,0,0,0,0,0,0,0,0.001470675,normal,normal,No,
p.Asp149Glu,p.(D149E),-0.097423481,0.070295112,-0.138371784,149,1,M,E,FALSE,6,160130139,rs1338417745,C,A,gnomAD Genomes,NA,PASS,ENST00000366963.9,p.Asp149Glu,c.447C>A,missense_variant,,NA,,2,151768,1.32E-05,0,0,0.001317801,0,0,0,0,0,0,0.002422598,0,0,0.001470718,normal,normal,No,
p.Asp149Gly,p.(D149G),-0.174143954,0.196594895,0.856362903,149,1,M,G,FALSE,6,160130138,,A,G,gnomAD Genomes,NA,PASS,ENST00000366963.9,p.Asp149Gly,c.446A>G,missense_variant,,NA,,1,146886,6.81E-06,0,0,0.0006808,0,0,0,0,0,0,0.002535368,0,0,0,normal,normal,No,
p.Ala157Val,p.(A157V),-0.163682187,-0.042456591,0.459152646,157,1,M,V,FALSE,6,160130162,rs778547168,C,T,gnomAD Genomes,NA,PASS,ENST00000366963.9,p.Ala157Val,c.470C>T,missense_variant,,NA,,9,151704,5.93E-05,0,0,0.005932606,0,0,0,0,0,0,0,0,0,0.013241525,normal,normal,No,
p.Gly158Asp,p.(G158D),0.080852568,1.805531693,-2.273405768,158,1,M,D,FALSE,6,160130165,rs771548212,G,A,gnomAD Genomes,NA,PASS,ENST00000366963.9,p.Gly158Asp,c.473G>A,missense_variant,,NA,,1,151946,6.58E-06,0,0,0.000658129,0,0,0,0,0.019305019,0,0,0,0,0,poor,poor,No,
p.Leu160Phe,p.(L160F),0.122142155,-0.296024321,0.442864183,160,1,M,F,FALSE,6,160130172,rs683369,G,C,gnomAD Genomes,NA,PASS,ENST00000366963.9,p.Leu160Phe,c.480G>C,missense_variant,,NA,,128885,151760,0.849268582,55178,0,84.9268582,85.55662188,84.1331563,87.70986359,80.21978022,84.89138867,89.24050633,95.90378373,84.46115288,84.05420992,77.86180919,normal,normal,Yes,
p.Leu160del,p.(L160del),-0.065391525,0.977944015,-1.05772302,160,1,D,D_1,FALSE,6,160130169,rs763052165,CTTG,C,gnomAD Genomes,NA,PASS,ENST00000366963.9,p.Leu160del,c.480_482del,inframe_deletion,,NA,,1,151882,6.58E-06,0,0,0.000658406,0,0.009444654,0,0,0,0,0,0,0,0,poor,poor,No,
p.Gly162Asp,p.(G162D),0.010507793,0.952332527,-1.490159972,162,1,M,D,FALSE,6,160130177,rs563332121,G,A,gnomAD Genomes,NA,PASS,ENST00000366963.9,p.Gly162Asp,c.485G>A,missense_variant,,NA,,2,151950,1.32E-05,0,0,0.001316222,0,0,0.013111315,0,0,0,0,0,0,0,poor,poor,No,
p.Ser163Pro,p.(S163P),-0.138433076,1.58290371,-1.674664126,163,1,M,P,FALSE,6,160130179,rs1227054282,T,C,gnomAD Genomes,NA,PASS,ENST00000366963.9,p.Ser163Pro,c.487T>C,missense_variant,,NA,,3,151880,1.98E-05,0,0,0.001975244,0,0,0,0,0,0,0.007261461,0,0,0,poor,poor,No,
p.Gly165Cys,p.(G165C),0.174095301,-0.39908212,0.595874475,165,1,M,C,FALSE,6,160130185,rs201942835,G,T,gnomAD Genomes,NA,PASS,ENST00000366963.9,p.Gly165Cys,c.493G>T,missense_variant,Benign,739755,,120,152016,0.000789391,4,0,0.078939059,0,0,0,0,0,0,0,2.497918401,0,0,normal,normal,No,
p.Gly165Ser,p.(G165S),0.035281174,0.284709751,-0.409485187,165,1,M,S,FALSE,6,160130185,rs201942835,G,A,gnomAD Genomes,NA,PASS,ENST00000366963.9,p.Gly165Ser,c.493G>A,missense_variant,,NA,,2,152016,1.32E-05,0,0,0.001315651,0,0,0,0,0,0,0,0,0,0.002940917,normal,normal,No,
p.Gly165Asp,p.(G165D),-0.1887041,1.171739759,-1.724165592,165,1,M,D,FALSE,6,160130186,rs1045389610,G,A,gnomAD Genomes,NA,PASS,ENST00000366963.9,p.Gly165Asp,c.494G>A,missense_variant,,NA,,1,152050,6.58E-06,0,0,0.000657678,0,0,0.006550504,0,0,0,0,0,0,0,poor,poor,No,
p.Val166del,p.(V166del),-0.093995797,0.602111651,-1.681650443,166,1,D,D_1,FALSE,6,160130186,,GTGT,G,gnomAD Genomes,NA,PASS,ENST00000366963.9,p.Val166del,c.497_499del,inframe_deletion,,NA,,1,152050,6.58E-06,0,0,0.000657678,0,0,0,0,0,0,0.002416393,0,0,0,poor,poor,No,
p.Tyr168Cys,p.(Y168C),-0.107776215,1.384168179,-1.844252488,168,1,M,C,FALSE,6,160130195,rs905547029,A,G,gnomAD Genomes,NA,PASS,ENST00000366963.9,p.Tyr168Cys,c.503A>G,missense_variant,,NA,,8,151608,5.28E-05,0,0,0.005276766,0,0,0,0,0,0,0.002424007,0,0,0.010311708,poor,poor,No,
p.Tyr168His,p.(Y168H),0.025721771,1.037050892,-0.80686525,168,1,M,H,FALSE,6,160130194,rs775723458,T,C,gnomAD Genomes,NA,PASS,ENST00000366963.9,p.Tyr168His,c.502T>C,missense_variant,,NA,,4,152004,2.63E-05,0,0,0.00263151,0,0,0.026226069,0,0,0,0,0,0,0,poor,poor,No,
p.Phe169Leu,p.(F169L),-0.02018876,-0.611222814,0.295331913,169,1,M,L,FALSE,6,160130197,rs762946206,T,C,gnomAD Genomes,NA,PASS,ENST00000366963.9,p.Phe169Leu,c.505T>C,missense_variant,,NA,,1,151978,6.58E-06,0,0,0.00065799,0,0,0,0,0,0,0,0,0,0.001470675,normal,normal,No,
p.Ala170Gly,p.(A170G),-0.235177596,-0.086774797,-1.028573842,170,1,M,G,FALSE,6,160130201,,C,G,gnomAD Genomes,NA,PASS,ENST00000366963.9,p.Ala170Gly,c.509C>G,missense_variant,,NA,,1,151856,6.59E-06,0,0,0.000658519,0,0,0,0,0,0,0,0,0,0.001470891,normal,poor,No,
p.Gly174Ser,p.(G174S),-0.313426171,1.78887379,-2.183627121,174,1,M,S,FALSE,6,160132236,rs751044707,G,A,gnomAD Genomes,NA,PASS,ENST00000366963.9,p.Gly174Ser,c.520G>A,missense_variant,,NA,,36,152230,0.000236484,0,0,0.023648427,0.191021968,0,0.170023542,0,0,0,0.00482509,0,0,0.005879068,poor,poor,No,
p.Arg175Cys,p.(R175C),0.009343072,1.587598379,-2.028898695,175,1,M,C,FALSE,6,160132239,rs768905186,C,T,gnomAD Genomes,NA,PASS,ENST00000366963.9,p.Arg175Cys,c.523C>T,missense_variant,Uncertain significance,691397,,1,152212,6.57E-06,0,0,0.000656978,0,0,0,0,0,0,0.002412429,0,0,0,poor,poor,No,
p.Arg175His,p.(R175H),0.009087066,1.748763725,-1.007313901,175,1,M,H,FALSE,6,160132240,rs144273196,G,A,gnomAD Genomes,NA,PASS,ENST00000366963.9,p.Arg175His,c.524G>A,missense_variant,,NA,,10,152214,6.57E-05,0,0,0.006569698,0,0.009417969,0,0,0.019282684,0,0.004823927,0.02071251,0,0.007348402,poor,poor,No,
p.Gly181Glu,p.(G181E),-0.135998813,0.711993238,-1.250478319,181,1,M,E,FALSE,6,160132258,rs147388201,G,A,gnomAD Genomes,NA,PASS,ENST00000366963.9,p.Gly181Glu,c.542G>A,missense_variant,,NA,,2,152208,1.31E-05,0,0,0.001313991,0,0,0,0,0,0,0.004825556,0,0,0,poor,poor,No,
p.Thr182Ala,p.(T182A),-0.156177824,0.452907383,-0.333665596,182,1,M,A,FALSE,6,160132260,rs754614051,A,G,gnomAD Genomes,NA,PASS,ENST00000366963.9,p.Thr182Ala,c.544A>G,missense_variant,,NA,,2,152210,1.31E-05,0,0,0.001313974,0,0,0,0,0,0,0,0,0,0.002939707,normal,normal,No,
p.Val183Met,p.(V183M),0.180518967,0.240004173,-0.443330418,183,1,M,M,FALSE,6,160132263,rs766720961,G,A,gnomAD Genomes,NA,PASS,ENST00000366963.9,p.Val183Met,c.547G>A,missense_variant,,NA,,3,152232,1.97E-05,0,0,0.001970676,0,0,0,0,0,0,0.007236937,0,0,0,normal,normal,No,
p.Val185Ile,p.(V185I),-0.021107978,0.265507982,-0.071035037,185,1,M,I,FALSE,6,160132269,rs1289243689,G,A,gnomAD Genomes,NA,PASS,ENST00000366963.9,p.Val185Ile,c.553G>A,missense_variant,,NA,,1,152230,6.57E-06,0,0,0.000656901,0,0,0,0,0,0,0,0,0,0.001469724,normal,normal,No,
p.Asn186Ser,p.(N186S),-0.014565689,-0.566203884,0.549394792,186,1,M,S,FALSE,6,160132273,,A,G,gnomAD Genomes,NA,PASS,ENST00000366963.9,p.Asn186Ser,c.557A>G,missense_variant,,NA,,1,152202,6.57E-06,0,0,0.000657022,0,0,0,0,0,0,0,0.020721094,0,0,normal,normal,No,
p.Ala187Thr,p.(A187T),0.114028001,-0.379902065,-0.210008498,187,1,M,T,FALSE,6,160132275,rs1390805526,G,A,gnomAD Genomes,NA,PASS,ENST00000366963.9,p.Ala187Thr,c.559G>A,missense_variant,,NA,,2,152184,1.31E-05,0,0,0.001314199,0,0,0,0,0,0,0,0,0,0.002939534,normal,normal,No,
p.Ala187Val,p.(A187V),-0.168051432,-0.286040389,0.228009217,187,1,M,V,FALSE,6,160132276,rs374227992,C,T,gnomAD Genomes,NA,PASS,ENST00000366963.9,p.Ala187Val,c.560C>T,missense_variant,,NA,,5,152206,3.29E-05,0,0,0.003285022,0,0,0.006544503,0,0,0,0.002412545,0,0,0.004409041,normal,normal,No,
p.Ala187Glu,p.(A187E),-0.050065324,0.745840527,-1.894098174,187,1,M,E,FALSE,6,160132276,,C,A,gnomAD Genomes,NA,PASS,ENST00000366963.9,p.Ala187Glu,c.560C>A,missense_variant,,NA,,1,152206,6.57E-06,0,0,0.000657004,0,0,0,0,0,0,0.002412545,0,0,0,poor,poor,No,
p.Ser189Leu,p.(S189L),0.032796898,0.626409107,-0.546171706,189,1,M,L,FALSE,6,160132282,rs34104736,C,T,gnomAD Genomes,NA,PASS,ENST00000366963.9,p.Ser189Leu,c.566C>T,missense_variant,,NA,,196,152182,0.001287932,0,0,0.128793156,0.09596929,0.254285176,0.111212875,0,0,0.316455696,0.038613766,0.02071251,0,0.194020637,poor,normal,Yes,
p.Gly190Asp,p.(G190D),-0.116306045,0.224493899,-0.907019716,190,1,M,D,FALSE,6,160132285,rs755967668,G,A,gnomAD Genomes,NA,PASS,ENST00000366963.9,p.Gly190Asp,c.569G>A,missense_variant,,NA,,1,152220,6.57E-06,0,0,0.000656944,0,0,0,0,0,0,0,0,0,0.00146981,normal,poor,No,
p.Val191Leu,p.(V191L),-0.114138983,-0.424669781,1.0158639,191,1,M,L,FALSE,6,160132287,rs376456834,G,C,gnomAD Genomes,NA,PASS,ENST00000366963.9,p.Val191Leu,c.571G>C,missense_variant,,NA,,2,152220,1.31E-05,0,0,0.001313888,0,0,0,0,0,0,0.002413011,0,0,0.001469551,normal,normal,No,
p.Val191Met,p.(V191M),0.121272543,0.05706357,-0.160009488,191,1,M,M,FALSE,6,160132287,rs376456834,G,A,gnomAD Genomes,NA,PASS,ENST00000366963.9,p.Val191Met,c.571G>A,missense_variant,,NA,,5,152220,3.28E-05,0,0,0.003284719,0,0,0.026164312,0,0,0,0,0,0,0.001469551,normal,normal,No,
p.Ala194Val,p.(A194V),0.109260369,-0.316858161,0.069442839,194,1,M,V,FALSE,6,160132297,rs1356932105,C,T,gnomAD Genomes,NA,PASS,ENST00000366963.9,p.Ala194Val,c.581C>T,missense_variant,,NA,,2,152208,1.31E-05,0,0,0.001313991,0,0,0,0,0,0,0.004826022,0,0,0,normal,normal,No,
p.Ser196Leu,p.(S196L),-0.135804473,0.887864251,-0.428468124,196,1,M,L,FALSE,6,160132303,rs373689990,C,T,gnomAD Genomes,NA,PASS,ENST00000366963.9,p.Ser196Leu,c.587C>T,missense_variant,,NA,,3,152228,1.97E-05,0,0,0.001970728,0,0,0,0,0,0,0.00723589,0,0,0,poor,normal,No,
p.Asn198Ser,p.(N198S),0.124545725,-0.569777209,0.359567037,198,1,M,S,FALSE,6,160132309,rs200245693,A,G,gnomAD Genomes,NA,PASS,ENST00000366963.9,p.Asn198Ser,c.593A>G,missense_variant,,NA,,9,152166,5.91E-05,0,0,0.005914593,0.04784689,0,0,0,0.154023874,0,0,0,0,0,normal,normal,No,
p.Tyr199Cys,p.(Y199C),-0.094680904,1.494621329,-2.138596956,199,1,M,C,FALSE,6,160132312,rs1186733219,A,G,gnomAD Genomes,NA,PASS,ENST00000366963.9,p.Tyr199Cys,c.596A>G,missense_variant,,NA,,1,152136,6.57E-06,0,0,0.000657307,0,0,0,0,0,0,0,0,0,0.001470286,poor,poor,No,
p.Met200Arg,p.(M200R),0.155456338,-0.32151385,-0.392454455,200,1,M,R,FALSE,6,160132315,rs374468971,T,G,gnomAD Genomes,NA,PASS,ENST00000366963.9,p.Met200Arg,c.599T>G,missense_variant,,NA,,7,152194,4.60E-05,0,0,0.004599393,0,0,0.045799529,0,0,0,0,0,0,0,normal,normal,No,
p.Met200Thr,p.(M200T),0.103751894,-0.356585561,0.642846936,200,1,M,T,FALSE,6,160132315,rs374468971,T,C,gnomAD Genomes,NA,PASS,ENST00000366963.9,p.Met200Thr,c.599T>C,missense_variant,,NA,,3,152194,1.97E-05,0,0,0.001971168,0.04784689,0,0,0,0,0,0.004825789,0,0,0,normal,normal,No,
p.Met200Val,p.(M200V),-0.108148189,0.157744247,-0.256011373,200,1,M,V,FALSE,6,160132314,rs1365972899,A,G,gnomAD Genomes,NA,PASS,ENST00000366963.9,p.Met200Val,c.598A>G,missense_variant,,NA,,1,152122,6.57E-06,0,0,0.000657367,0,0,0,0,0.019275251,0,0,0,0,0,normal,normal,No,
p.Ser201Thr,p.(S201T),-0.041190125,-0.09126576,0.354695181,201,1,M,T,FALSE,6,160132317,rs922399333,T,A,gnomAD Genomes,NA,PASS,ENST00000366963.9,p.Ser201Thr,c.601T>A,missense_variant,,NA,,2,152184,1.31E-05,0,0,0.001314199,0,0,0,0,0,0,0.002413477,0,0,0.001469724,normal,normal,No,
p.Arg206Cys,p.(R206C),0.05543001,0.612374119,-1.054942095,206,1,M,C,FALSE,6,160132332,rs756787089,C,T,gnomAD Genomes,NA,PASS,ENST00000366963.9,p.Arg206Cys,c.616C>T,missense_variant,,NA,,3,152214,1.97E-05,0,0,0.001970909,0,0,0,0,0,0,0,0.02071251,0,0.002939361,poor,poor,Yes,
p.Gly220Val,p.(G220V),-0.080343967,1.284206697,-1.833139176,220,1,M,V,FALSE,6,160132375,rs36103319,G,T,gnomAD Genomes,NA,PASS,ENST00000366963.9,p.Gly220Val,c.659G>T,missense_variant,,NA,,75,152210,0.00049274,0,0,0.049274029,0.095602294,0,0.098141848,0,0,0,0.132702794,0,0,0.004409171,poor,poor,Yes,
p.Leu223Val,p.(L223V),0.097458366,-0.357729694,-0.913225681,223,1,M,V,FALSE,6,160132383,rs1035179872,C,G,gnomAD Genomes,NA,PASS,ENST00000366963.9,p.Leu223Val,c.667C>G,missense_variant,,NA,,1,152172,6.57E-06,0,0,0.000657151,0,0,0,0,0,0,0.00241336,0,0,0,normal,poor,No,
p.Leu223Pro,p.(L223P),-0.050943724,1.086462554,-1.313270448,223,1,M,P,FALSE,6,160132384,rs779310155,T,C,gnomAD Genomes,NA,PASS,ENST00000366963.9,p.Leu223Pro,c.668T>C,missense_variant,,NA,,1,152136,6.57E-06,0,0,0.000657307,0,0,0,0,0.019260401,0,0,0,0,0,poor,poor,No,
p.Val228Ala,p.(V228A),0.00680991,-0.020428281,-0.505788035,228,1,M,A,FALSE,6,160133969,,T,C,gnomAD Genomes,NA,PASS,ENST00000366963.9,p.Val228Ala,c.683T>C,missense_variant,,NA,,1,152120,6.57E-06,0,0,0.000657376,0,0,0,0,0,0,0,0,0,0.001470372,normal,normal,No,
p.Ser230Leu,p.(S230L),0.112182141,-0.325908778,0.459769356,230,1,M,L,FALSE,6,160133975,rs369476402,C,T,gnomAD Genomes,NA,PASS,ENST00000366963.9,p.Ser230Leu,c.689C>T,missense_variant,,NA,,2,152128,1.31E-05,0,0,0.001314682,0.04784689,0,0,0,0,0,0,0,0,0.001470372,normal,normal,No,
p.Gly231Ala,p.(G231A),0.045917364,-0.338666953,0.191596575,231,1,M,A,FALSE,6,160133978,rs374374479,G,C,gnomAD Genomes,NA,PASS,ENST00000366963.9,p.Gly231Ala,c.692G>C,missense_variant,,NA,,4,152158,2.63E-05,0,0,0.002628846,0,0,0,0,0,0,0.009652976,0,0,0,normal,normal,No,
p.Thr235Met,p.(T235M),0.041214307,0.515507145,-0.479905461,235,1,M,M,FALSE,6,160133990,rs777775395,C,T,gnomAD Genomes,NA,PASS,ENST00000366963.9,p.Thr235Met,c.704C>T,missense_variant,,NA,,1,152172,6.57E-06,0,0,0.000657151,0,0,0,0,0.019282684,0,0,0,0,0,normal,normal,No,
p.Val236Met,p.(V236M),-0.060372247,-0.022124664,-0.204734955,236,1,M,M,FALSE,6,160133992,rs1401948332,G,A,gnomAD Genomes,NA,PASS,ENST00000366963.9,p.Val236Met,c.706G>A,missense_variant,,NA,,1,152186,6.57E-06,0,0,0.000657091,0,0,0,0,0,0,0,0,0,0.00146994,normal,normal,No,
p.Ala237Val,p.(A237V),-0.015840981,0.408963546,-0.564049949,237,1,M,V,FALSE,6,160133996,rs201454956,C,T,gnomAD Genomes,NA,PASS,ENST00000366963.9,p.Ala237Val,c.710C>T,missense_variant,,NA,,2,152152,1.31E-05,0,0,0.001314475,0,0,0,0,0,0,0.002414176,0,0,0.001469983,normal,normal,No,
p.Ala237Glu,p.(A237E),-0.008655415,1.569793433,-2.20902269,237,1,M,E,FALSE,6,160133996,rs201454956,C,A,gnomAD Genomes,NA,PASS,ENST00000366963.9,p.Ala237Glu,c.710C>A,missense_variant,,NA,,3,152152,1.97E-05,0,0,0.001971712,0.04784689,0,0,0,0,0,0,0.04145937,0,0,poor,poor,No,
p.Ile238Met,p.(I238M),0.072647438,-0.406446721,0.404172814,238,1,M,M,FALSE,6,160134000,rs770192231,C,G,gnomAD Genomes,NA,PASS,ENST00000366963.9,p.Ile238Met,c.714C>G,missense_variant,,NA,,1,152204,6.57E-06,0,0,0.000657013,0,0,0,0,0,0,0.002411847,0,0,0,normal,normal,No,
p.Met242Ile,p.(M242I),-0.050829565,0.296385913,-0.247969851,242,1,M,I,FALSE,6,160134012,rs1206416744,G,A,gnomAD Genomes,NA,PASS,ENST00000366963.9,p.Met242Ile,c.726G>A,missense_variant,,NA,,2,152222,1.31E-05,0,0,0.001313871,0,0,0,0,0,0,0,0,0,0.002939534,normal,normal,No,
p.Met242Thr,p.(M242T),0.188725968,0.418011809,-0.415094666,242,1,M,T,FALSE,6,160134011,rs548051751,T,C,gnomAD Genomes,NA,PASS,ENST00000366963.9,p.Met242Thr,c.725T>C,missense_variant,,NA,,1,152192,6.57E-06,0,0,0.000657065,0,0,0,0,0,0,0.002412196,0,0,0,normal,normal,No,
p.Thr245Met,p.(T245M),0.11466345,0.79906503,-0.85785938,245,1,M,M,FALSE,6,160134020,rs1441577213,C,T,gnomAD Genomes,NA,PASS,ENST00000366963.9,p.Thr245Met,c.734C>T,missense_variant,,NA,,2,152202,1.31E-05,0,0,0.001314043,0,0,0,0,0.019260401,0,0,0,0,0.001469853,poor,poor,Yes,
p.Ala250Val,p.(A250V),-0.205471564,-0.37821863,0.075353314,250,1,M,V,FALSE,6,160134035,rs1173375168,C,T,gnomAD Genomes,NA,PASS,ENST00000366963.9,p.Ala250Val,c.749C>T,missense_variant,,NA,,1,152176,6.57E-06,0,0,0.000657134,0,0,0,0,0,0,0,0,0,0.001470329,normal,normal,No,
p.Thr252Ile,p.(T252I),-0.219889103,-0.188678165,0.405532312,252,1,M,I,FALSE,6,160134041,rs759519735,C,T,gnomAD Genomes,NA,PASS,ENST00000366963.9,p.Thr252Ile,c.755C>T,missense_variant,,NA,,2,152210,1.31E-05,0,0,0.001313974,0,0,0.013090719,0,0,0,0,0,0,0,normal,normal,No,
p.Gly253Arg,p.(G253R),0.043996547,1.291834764,-1.705824037,253,1,M,R,FALSE,6,160134043,rs539669019,G,A,gnomAD Genomes,NA,PASS,ENST00000366963.9,p.Gly253Arg,c.757G>A,missense_variant,,NA,,1,152170,6.57E-06,0,0,0.00065716,0,0,0,0,0,0,0,0.020703934,0,0,poor,poor,No,
p.Ala257Ser,p.(A257S),0.436836749,-0.427062389,-0.003463947,257,1,M,S,FALSE,6,160134055,rs778058802,G,T,gnomAD Genomes,NA,PASS,ENST00000366963.9,p.Ala257Ser,c.769G>T,missense_variant,,NA,,1,152208,6.57E-06,0,0,0.000656996,0,0,0,0,0,0,0,0.020695364,0,0,normal,normal,No,
p.Ala257Thr,p.(A257T),0.045540989,0.501550105,-0.43254079,257,1,M,T,FALSE,6,160134055,rs778058802,G,A,gnomAD Genomes,NA,PASS,ENST00000366963.9,p.Ala257Thr,c.769G>A,missense_variant,,NA,,2,152208,1.31E-05,0,0,0.001313991,0,0,0,0,0,0,0,0.041390728,0,0,normal,normal,No,
p.His260Gln,p.(H260Q),0.107258721,-0.342469066,0.55471256,260,1,M,Q,FALSE,6,160134066,,C,A,gnomAD Genomes,NA,PASS,ENST00000366963.9,p.His260Gln,c.780C>A,missense_variant,,NA,,1,152214,6.57E-06,0,0,0.00065697,0,0,0,0,0,0,0,0,0,0.001469897,normal,normal,No,
p.His260Pro,p.(H260P),0.243896934,1.831122692,-2.349960542,260,1,M,P,FALSE,6,160134065,rs757376770,A,C,gnomAD Genomes,NA,PASS,ENST00000366963.9,p.His260Pro,c.779A>C,missense_variant,,NA,,3,152154,1.97E-05,0,0,0.001971687,0,0,0,0,0,0,0.002413593,0,0,0.002939966,poor,poor,No,
p.Arg262Cys,p.(R262C),-0.071131076,1.081351627,-1.124202554,262,1,M,C,FALSE,6,160134070,rs770280090,C,T,gnomAD Genomes,NA,PASS,ENST00000366963.9,p.Arg262Cys,c.784C>T,missense_variant,,NA,,15,152192,9.86E-05,0,0,0.009855971,0,0,0,0,0,0,0.019299431,0,0,0.010290788,poor,poor,No,
p.Ala267Val,p.(A267V),0.147408741,0.57734036,-0.793965519,267,1,M,V,FALSE,6,160134086,rs768864107,C,T,gnomAD Genomes,NA,PASS,ENST00000366963.9,p.Ala267Val,c.800C>T,missense_variant,,NA,,1,152184,6.57E-06,0,0,0.000657099,0,0,0,0,0,0,0,0,0,0.001470329,normal,poor,No,
p.Thr272Ile,p.(T272I),0.188409135,-0.141675948,0.042807957,272,1,M,I,FALSE,6,160134101,rs763428805,C,T,gnomAD Genomes,NA,PASS,ENST00000366963.9,p.Thr272Ile,c.815C>T,missense_variant,,NA,,1,152210,6.57E-06,0,0,0.000656987,0,0,0,0,0,0,0.002411847,0,0,0,normal,normal,No,
p.Phe273Leu,p.(F273L),0.074500436,-0.712325985,0.520467305,273,1,M,L,FALSE,6,160134105,rs537937675,C,A,gnomAD Genomes,NA,PASS,ENST00000366963.9,p.Phe273Leu,c.819C>A,missense_variant,,NA,,19,152218,0.000124821,0,0,0.012482098,0,0,0,0,0,0.632911392,0.00241208,0.330988829,0,0,normal,normal,No,
p.Trp280Arg,p.(W280R),0.131099115,-0.556865342,0.534907482,280,1,M,R,FALSE,6,160134124,rs574352866,T,C,gnomAD Genomes,NA,PASS,ENST00000366963.9,p.Trp280Arg,c.838T>C,missense_variant,,NA,,1,152150,6.57E-06,0,0,0.000657246,0,0,0,0,0,0,0.002412778,0,0,0,normal,normal,No,
p.Trp280Cys,p.(W280C),0.102901833,-0.556076337,0.600608601,280,1,M,C,FALSE,6,160136220,rs562236667,G,T,gnomAD Genomes,NA,PASS,ENST00000366963.9,p.Trp280Cys,c.840G>T,missense_variant,,NA,,1,152218,6.57E-06,0,0,0.000656953,0,0,0,0,0,0,0,0.020678246,0,0,normal,normal,No,
p.Pro283Leu,p.(P283L),0.114120932,0.980967133,-0.997944012,283,1,M,L,FALSE,6,160136228,rs4646277,C,T,gnomAD Genomes,NA,PASS,ENST00000366963.9,p.Pro283Leu,c.848C>T,missense_variant,,NA,,27,152114,0.000177498,0,0,0.017749846,0,0.009442871,0,0,0.327048865,0,0,0.062292359,0,0.008820676,poor,poor,No,
p.Glu284Lys,p.(E284K),-0.276609825,1.667600859,-1.976390971,284,1,M,K,FALSE,6,160136230,rs1583336367,G,A,gnomAD Genomes,NA,PASS,ENST00000366963.9,p.Glu284Lys,c.850G>A,missense_variant,,NA,,1,152214,6.57E-06,0,0,0.00065697,0,0,0,0,0.019223376,0,0,0,0,0,poor,poor,Yes,
p.Glu284Ala,p.(E284A),-0.228683869,1.670770672,-2.411142023,284,1,M,A,FALSE,6,160136231,rs1164818231,A,C,gnomAD Genomes,NA,PASS,ENST00000366963.9,p.Glu284Ala,c.851A>C,missense_variant,,NA,,1,152232,6.57E-06,0,0,0.000656892,0,0,0,0,0,0,0.002411963,0,0,0,poor,poor,No,
p.Glu284Asp,p.(E284D),0.218709153,1.156554558,-1.26690813,284,1,M,D,FALSE,6,160136232,rs950127328,G,T,gnomAD Genomes,NA,PASS,ENST00000366963.9,p.Glu284Asp,c.852G>T,missense_variant,,NA,,2,152212,1.31E-05,0,0,0.001313957,0,0,0,0,0,0,0,0,0,0.00293962,poor,poor,No,
p.Pro286Ser,p.(P286S),0.335470226,1.487819,-1.344299061,286,1,M,S,FALSE,6,160136236,rs1176841966,C,T,gnomAD Genomes,NA,PASS,ENST00000366963.9,p.Pro286Ser,c.856C>T,missense_variant,,NA,,1,152182,6.57E-06,0,0,0.000657108,0,0,0,0,0,0,0.002413826,0,0,0,poor,poor,No,
p.Arg287Gln,p.(R287Q),-0.102229094,0.525721376,-1.256824084,287,1,M,Q,FALSE,6,160136240,rs774284778,G,A,gnomAD Genomes,NA,PASS,ENST00000366963.9,p.Arg287Gln,c.860G>A,missense_variant,,NA,,2,152174,1.31E-05,0,0,0.001314285,0,0.009416196,0,0,0,0,0,0,0,0.001470242,normal,poor,No,
p.Arg287Gly,p.(R287G),-0.282790418,1.333004452,-2.641855164,287,1,M,G,FALSE,6,160136239,rs4646278,C,G,gnomAD Genomes,NA,PASS,ENST00000366963.9,p.Arg287Gly,c.859C>G,missense_variant,,NA,,1,152198,6.57E-06,0,0,0.000657039,0,0,0,0,0.019215988,0,0,0,0,0,poor,poor,No,
p.Arg287Pro,p.(R287P),0.226866066,1.76631097,-2.099608615,287,1,M,P,FALSE,6,160136240,rs774284778,G,C,gnomAD Genomes,NA,PASS,ENST00000366963.9,p.Arg287Pro,c.860G>C,missense_variant,,NA,,1,152174,6.57E-06,0,0,0.000657142,0,0,0,0,0,0,0.00241371,0,0,0,poor,poor,No,
p.Arg287Trp,p.(R287W),-0.023804738,1.430824658,-1.353239311,287,1,M,W,FALSE,6,160136239,rs4646278,C,T,gnomAD Genomes,NA,PASS,ENST00000366963.9,p.Arg287Trp,c.859C>T,missense_variant,,NA,,49,152198,0.000321949,0,0,0.032194904,0.143678161,0,0,0,0,0,0.009653907,0.620347395,0,0.017637721,poor,poor,No,
p.Leu290Phe,p.(L290F),-0.134761989,-0.4610894,-0.207419476,290,1,M,F,FALSE,6,160136250,rs1380124262,A,C,gnomAD Genomes,NA,PASS,ENST00000366963.9,p.Leu290Phe,c.870A>C,missense_variant,,NA,,1,152216,6.57E-06,0,0,0.000656961,0,0,0,0,0,0,0,0,0,0.001469853,normal,normal,No,
p.Ser291Pro,p.(S291P),0.041553451,0.939180723,-1.448829638,291,1,M,P,FALSE,6,160136251,rs138369190,T,C,gnomAD Genomes,NA,PASS,ENST00000366963.9,p.Ser291Pro,c.871T>C,missense_variant,,NA,,90,152126,0.000591615,0,0,0.059161485,0.143403442,0,0,0,0,0,0.004829052,0,2.160138249,0.014704152,poor,poor,No,
p.Gln292His,p.(Q292H),-0.090627353,0.345124102,-0.889431343,292,1,M,H,FALSE,6,160136256,rs746056691,A,T,gnomAD Genomes,NA,PASS,ENST00000366963.9,p.Gln292His,c.876A>T,missense_variant,,NA,,10,152204,6.57E-05,0,0,0.00657013,0,0,0.00654279,0,0,0,0.004826022,0,0,0.010288368,normal,poor,No,
p.Asn295Ser,p.(N295S),0.056531752,0.398287703,-0.3897026,295,1,M,S,FALSE,6,160136264,,A,G,gnomAD Genomes,NA,PASS,ENST00000366963.9,p.Asn295Ser,c.884A>G,missense_variant,,NA,,1,152246,6.57E-06,0,0,0.000656832,0,0,0.006541934,0,0,0,0,0,0,0,normal,normal,No,
p.Thr296Asn,p.(T296N),-0.022932269,-0.618880797,0.658248788,296,1,M,N,FALSE,6,160136267,rs1272346562,C,A,gnomAD Genomes,NA,PASS,ENST00000366963.9,p.Thr296Asn,c.887C>A,missense_variant,,NA,,1,152186,6.57E-06,0,0,0.000657091,0,0,0,0,0,0,0,0,0,0.001469767,normal,normal,No,
p.Glu297Lys,p.(E297K),0.17609506,0.681052236,-0.85737005,297,1,M,K,FALSE,6,160136269,rs866187146,G,A,gnomAD Genomes,NA,PASS,ENST00000366963.9,p.Glu297Lys,c.889G>A,missense_variant,,NA,,2,152224,1.31E-05,0,0,0.001313853,0,0,0,0,0,0,0.004823927,0,0,0,poor,poor,No,
p.Asp303Glu,p.(D303E),0.318167695,-0.375849947,1.861589016,303,1,M,E,FALSE,6,160136289,rs753211489,C,A,gnomAD Genomes,NA,PASS,ENST00000366963.9,p.Asp303Glu,c.909C>A,missense_variant,,NA,,3,152202,1.97E-05,0,0,0.001971065,0,0,0,0,0,0,0.002412895,0,0,0.002939361,normal,normal,No,
p.Asp303Gly,p.(D303G),-0.100381199,-1.048830802,1.344272896,303,1,M,G,FALSE,6,160136288,rs181861830,A,G,gnomAD Genomes,NA,PASS,ENST00000366963.9,p.Asp303Gly,c.908A>G,missense_variant,,NA,,3,152226,1.97E-05,0,0,0.001970754,0,0,0,0,0.057736721,0,0,0,0,0,normal,normal,No,
p.Ala306Thr,p.(A306T),0.283461496,0.284529795,-0.829833074,306,1,M,T,FALSE,6,160136296,rs1231338336,G,A,gnomAD Genomes,NA,PASS,ENST00000366963.9,p.Ala306Thr,c.916G>A,missense_variant,,NA,,1,152210,6.57E-06,0,0,0.000656987,0,0,0,0,0,0,0,0,0,0.001469724,normal,poor,No,
p.Lys308Asn,p.(K308N),-0.231842472,0.083417024,-0.901535806,308,1,M,N,FALSE,6,160136304,rs1461049471,G,C,gnomAD Genomes,NA,PASS,ENST00000366963.9,p.Lys308Asn,c.924G>C,missense_variant,,NA,,1,152238,6.57E-06,0,0,0.000656866,0,0,0,0,0,0,0.002411614,0,0,0,normal,poor,No,
p.Lys311Asn,p.(K311N),-0.073667805,-0.345067781,0.575664233,311,1,M,N,FALSE,6,160136313,rs1002820184,G,T,gnomAD Genomes,NA,PASS,ENST00000366963.9,p.Lys311Asn,c.933G>T,missense_variant,,NA,,9,152244,5.91E-05,0,0,0.005911563,0,0,0,0,0,0,0,0,0,0.013226347,normal,normal,No,
p.Leu312Val,p.(L312V),0.423864395,0.05448232,0.485121568,312,1,M,V,FALSE,6,160136314,rs943631739,T,G,gnomAD Genomes,NA,PASS,ENST00000366963.9,p.Leu312Val,c.934T>G,missense_variant,,NA,,3,152186,1.97E-05,0,0,0.001971272,0,0,0,0,0,0,0.007238334,0,0,0,normal,normal,No,
p.Pro313Leu,p.(P313L),0.031793198,-0.682135789,1.321859926,313,1,M,L,FALSE,6,160136318,rs745552042,C,T,gnomAD Genomes,NA,PASS,ENST00000366963.9,p.Pro313Leu,c.938C>T,missense_variant,,NA,,1,152204,6.57E-06,0,0,0.000657013,0,0,0,0,0,0,0,0,0,0.001470026,normal,normal,No,
p.Pro314Ser,p.(P314S),0.042781151,-0.216309668,0.098200749,314,1,M,S,FALSE,6,160136320,rs779672163,C,T,gnomAD Genomes,NA,PASS,ENST00000366963.9,p.Pro314Ser,c.940C>T,missense_variant,,NA,,1,152178,6.57E-06,0,0,0.000657125,0,0,0,0,0,0,0,0.020729685,0,0,normal,normal,No,
p.Met319Arg,p.(M319R),0.336587613,-0.725360873,1.25528667,319,1,M,R,FALSE,6,160136545,rs199874127,T,G,gnomAD Genomes,NA,PASS,ENST00000366963.9,p.Met319Arg,c.956T>G,missense_variant,,NA,,1,152178,6.57E-06,0,0,0.000657125,0,0,0,0,0.019319938,0,0,0,0,0,normal,normal,No,
p.Met319Ile,p.(M319I),-0.001258201,-0.276640837,0.091300877,319,1,M,I,FALSE,6,160136546,rs1562399294,G,A,gnomAD Genomes,NA,PASS,ENST00000366963.9,p.Met319Ile,c.957G>A,missense_variant,,NA,,1,152186,6.57E-06,0,0,0.000657091,0,0,0,0,0,0,0.002412778,0,0,0,normal,normal,No,
p.Leu320Phe,p.(L320F),0.054778855,-0.804757021,0.338623182,320,1,M,F,FALSE,6,160136547,rs202093700,C,T,gnomAD Genomes,NA,PASS,ENST00000366963.9,p.Leu320Phe,c.958C>T,missense_variant,,NA,,1,152194,6.57E-06,0,0,0.000657056,0,0,0,0,0.019312476,0,0,0,0,0,normal,normal,No,
p.Leu322Val,p.(L322V),0.124526193,-0.684880782,0.191599337,322,1,M,V,FALSE,6,160136553,rs777633633,C,G,gnomAD Genomes,NA,PASS,ENST00000366963.9,p.Leu322Val,c.964C>G,missense_variant,,NA,,2,152186,1.31E-05,0,0,0.001314181,0,0,0,0,0,0,0.004824858,0,0,0,normal,normal,No,
p.Glu323Gln,p.(E323Q),-0.080698554,-0.621009849,0.424108555,323,1,M,Q,FALSE,6,160136556,rs376399703,G,C,gnomAD Genomes,NA,PASS,ENST00000366963.9,p.Glu323Gln,c.967G>C,missense_variant,,NA,,3,152156,1.97E-05,0,0,0.001971661,0,0,0,0,0,0,0.007239732,0,0,0,normal,normal,No,
p.Glu323Lys,p.(E323K),0.155883068,0.077058502,-0.161997269,323,1,M,K,FALSE,6,160136556,rs376399703,G,A,gnomAD Genomes,NA,PASS,ENST00000366963.9,p.Glu323Lys,c.967G>A,missense_variant,,NA,,8,152156,5.26E-05,0,0,0.005257762,0,0.009416196,0,0,0.038580247,0,0,0,0,0.007351211,normal,normal,No,
p.Val326Ala,p.(V326A),0.084754555,0.505243635,-0.362840051,326,1,M,A,FALSE,6,160136566,rs977606474,T,C,gnomAD Genomes,NA,PASS,ENST00000366963.9,p.Val326Ala,c.977T>C,missense_variant,,NA,,1,152186,6.57E-06,0,0,0.000657091,0,0,0,0,0,0,0,0,0,0.001470156,normal,normal,No,
p.Glu328Lys,p.(E328K),0.047244344,0.346980173,-0.25342974,328,1,M,K,FALSE,6,160136571,rs374278614,G,A,gnomAD Genomes,NA,PASS,ENST00000366963.9,p.Glu328Lys,c.982G>A,missense_variant,,NA,,4,152188,2.63E-05,0,0,0.002628328,0,0,0,0,0,0,0.007235192,0,0,0.001470026,normal,normal,No,
p.Lys329Asn,p.(K329N),-0.154126568,-0.688213748,0.446183231,329,1,M,N,FALSE,6,160136576,rs763609720,G,T,gnomAD Genomes,NA,PASS,ENST00000366963.9,p.Lys329Asn,c.987G>T,missense_variant,,NA,,1,152214,6.57E-06,0,0,0.00065697,0,0,0,0,0,0,0,0.020721094,0,0,normal,normal,No,
p.Arg339Cys,p.(R339C),0.24741311,-0.361030434,0.718618684,339,1,M,C,FALSE,6,160136604,rs762114095,C,T,gnomAD Genomes,NA,PASS,ENST00000366963.9,p.Arg339Cys,c.1015C>T,missense_variant,,NA,,6,152176,3.94E-05,0,0,0.003942803,0,0.009412651,0,0,0,0,0.002413011,0,0,0.005880105,normal,normal,No,
p.Arg339His,p.(R339H),0.440948752,-0.959048009,0.166831322,339,1,M,H,FALSE,6,160136605,rs368183142,G,A,gnomAD Genomes,NA,PASS,ENST00000366963.9,p.Arg339His,c.1016G>A,missense_variant,,NA,,10,152172,6.57E-05,0,0,0.006571511,0,0,0,0,0,0,0.021721292,0,0,0.001469897,normal,normal,No,
p.Thr340Met,p.(T340M),0.068206298,0.291242251,-0.307857024,340,1,M,M,FALSE,6,160136608,rs372021398,C,T,gnomAD Genomes,NA,PASS,ENST00000366963.9,p.Thr340Met,c.1019C>T,missense_variant,,NA,,44,152172,0.000289146,0,0,0.028914649,0,0,0.00654279,0,0.019282684,0,0.024128945,0.66307501,0,0,normal,normal,No,
p.Pro341Leu,p.(P341L),0.012797985,-0.00500421,-0.458377523,341,1,M,L,FALSE,6,160136611,rs2282143,C,T,gnomAD Genomes,NA,PASS,ENST00000366963.9,p.Pro341Leu,c.1022C>T,missense_variant,,NA,,5562,152164,0.036552667,173,0,3.655266686,2.533460803,0.810097965,3.632198953,1.425438596,12.37929703,2.53164557,6.692571318,8.371322006,0.028818444,1.510875955,normal,normal,Yes,
p.Pro341Arg,p.(P341R),-0.185687678,-0.32838083,-0.107700932,341,1,M,R,FALSE,6,160136611,rs2282143,C,G,gnomAD Genomes,NA,PASS,ENST00000366963.9,p.Pro341Arg,c.1022C>G,missense_variant,,NA,,1,152174,6.57E-06,0,0,0.000657142,0,0,0.006543646,0,0,0,0,0,0,0,normal,normal,No,
p.Arg342His,p.(R342H),0.001413438,0.180839624,-0.440983078,342,1,M,H,FALSE,6,160136614,rs34205214,G,A,gnomAD Genomes,NA,PASS,ENST00000366963.9,p.Arg342His,c.1025G>A,missense_variant,,NA,,980,152168,0.00644025,11,0,0.644025025,0.478011472,0,0.268289491,0,0,0,2.181993724,0.145107794,0,0.026459693,normal,normal,Yes,
p.Arg342Cys,p.(R342C),-0.25749634,-0.730434387,0.518228735,342,1,M,C,FALSE,6,160136613,rs777721540,C,T,gnomAD Genomes,NA,PASS,ENST00000366963.9,p.Arg342Cys,c.1024C>T,missense_variant,,NA,,1,152184,6.57E-06,0,0,0.000657099,0,0,0,0,0,0,0,0.020695364,0,0,normal,normal,No,
p.Arg346Cys,p.(R346C),0.154515083,-0.408926999,0.959083351,346,1,M,C,FALSE,6,160136625,rs1353008148,C,T,gnomAD Genomes,NA,PASS,ENST00000366963.9,p.Arg346Cys,c.1036C>T,missense_variant,,NA,,2,152194,1.31E-05,0,0,0.001314112,0,0,0.006545359,0,0.019245574,0,0,0,0,0,normal,normal,No,
p.Arg346Pro,p.(R346P),-0.033445446,1.085685316,-0.869201792,346,1,M,P,FALSE,6,160136626,,G,C,gnomAD Genomes,NA,PASS,ENST00000366963.9,p.Arg346Pro,c.1037G>C,missense_variant,,NA,,1,152176,6.57E-06,0,0,0.000657134,0,0,0,0,0,0,0,0,0,0.001470113,poor,poor,No,
p.Thr347Ile,p.(T347I),0.198275149,0.656248066,-0.293050547,347,1,M,I,FALSE,6,160136629,rs553292466,C,T,gnomAD Genomes,NA,PASS,ENST00000366963.9,p.Thr347Ile,c.1040C>T,missense_variant,,NA,,1,152214,6.57E-06,0,0,0.00065697,0,0,0.006546216,0,0,0,0,0,0,0,poor,normal,No,
p.Leu350Pro,p.(L350P),-0.028743558,2.056599164,-1.691731304,350,1,M,P,FALSE,6,160136638,rs1190538494,T,C,gnomAD Genomes,NA,PASS,ENST00000366963.9,p.Leu350Pro,c.1049T>C,missense_variant,,NA,,4,152200,2.63E-05,0,0,0.002628121,0,0.009416196,0,0,0,0,0,0.020686802,0,0.002939793,poor,poor,No,
p.Thr356Met,p.(T356M),-0.032661236,0.324654111,-0.551675304,356,1,M,M,FALSE,6,160139658,rs369905600,C,T,gnomAD Genomes,NA,PASS,ENST00000366963.9,p.Thr356Met,c.1067C>T,missense_variant,,NA,,6,145630,4.12E-05,0,0,0.00412003,0,0,0,0,0,0,0.005052291,0.023496241,0,0.004498695,normal,normal,No,
p.Asp357Gly,p.(D357G),0.014558918,0.121364799,-0.362585908,357,1,M,G,FALSE,6,160139661,rs1347750888,A,G,gnomAD Genomes,NA,PASS,ENST00000366963.9,p.Asp357Gly,c.1070A>G,missense_variant,,NA,,1,135252,7.39E-06,0,0,0.000739361,0,0,0,0,0,0,0.002831257,0,0,0,normal,normal,No,
p.Ser358Cys,p.(S358C),0.054164892,-0.803340747,-0.41196209,358,1,M,C,FALSE,6,160139664,rs763656391,C,G,gnomAD Genomes,NA,PASS,ENST00000366963.9,p.Ser358Cys,c.1073C>G,missense_variant,,NA,,1,144252,6.93E-06,0,0,0.000693231,0,0,0,0,0.02214349,0,0,0,0,0,normal,normal,No,
p.His367Asn,p.(H367N),0.408860212,0.146223553,-0.032714663,367,1,M,N,FALSE,6,160139690,,C,A,gnomAD Genomes,NA,PASS,ENST00000366963.9,p.His367Asn,c.1099C>A,missense_variant,,NA,,1,150660,6.64E-06,0,0,0.000663746,0,0,0,0,0,0,0.00244822,0,0,0,normal,normal,No,
p.Met368Thr,p.(M368T),0.500983943,-0.899759607,-0.38479911,368,1,M,T,FALSE,6,160139694,rs767493381,T,C,gnomAD Genomes,NA,PASS,ENST00000366963.9,p.Met368Thr,c.1103T>C,missense_variant,,NA,,3,148212,2.02E-05,0,0,0.002024128,0,0,0,0,0,0,0,0,0,0.004462957,normal,normal,No,
p.Met368Val,p.(M368V),-0.045774884,-0.250300004,0.718512598,368,1,M,V,FALSE,6,160139693,rs756661662,A,G,gnomAD Genomes,NA,PASS,ENST00000366963.9,p.Met368Val,c.1102A>G,missense_variant,,NA,,2,148068,1.35E-05,0,0,0.001350731,0,0,0,0,0,0,0.005030687,0,0,0,normal,normal,No,
p.Ala370Thr,p.(A370T),-0.267639928,-0.862693083,0.528371133,370,1,M,T,FALSE,6,160139699,rs755995720,G,A,gnomAD Genomes,NA,PASS,ENST00000366963.9,p.Ala370Thr,c.1108G>A,missense_variant,,NA,,3,150270,2.00E-05,0,0,0.001996406,0,0,0.006652475,0,0,0,0,0.021249469,0,0.001476669,normal,normal,No,
p.Ser372Gly,p.(S372G),-0.066101935,-0.560554458,0.64858204,372,1,M,G,FALSE,6,160139705,rs779972132,A,G,gnomAD Genomes,NA,PASS,ENST00000366963.9,p.Ser372Gly,c.1114A>G,missense_variant,,NA,,2,147842,1.35E-05,0,0,0.001352796,0,0.009994004,0,0,0,0,0,0,0,0.001483988,normal,normal,No,
p.Gly373Arg,p.(G373R),0.008105659,0.261678995,-0.356383997,373,1,M,R,FALSE,6,160139708,rs755237332,G,A,gnomAD Genomes,NA,PASS,ENST00000366963.9,p.Gly373Arg,c.1117G>A,missense_variant,,NA,,1,150666,6.64E-06,0,0,0.00066372,0,0,0,0,0,0,0,0,0,0.001476145,normal,normal,No,
p.Leu375Phe,p.(L375F),-0.027733279,-0.146984281,0.032594053,375,1,M,F,FALSE,6,160139714,rs554127747,C,T,gnomAD Genomes,NA,PASS,ENST00000366963.9,p.Leu375Phe,c.1123C>T,missense_variant,,NA,,1,151928,6.58E-06,0,0,0.000658207,0,0,0,0,0.019402406,0,0,0,0,0,normal,normal,No,
p.Tyr376Cys,p.(Y376C),0.111111536,0.419610329,-0.770381547,376,1,M,C,FALSE,6,160139718,rs184148085,A,G,gnomAD Genomes,NA,PASS,ENST00000366963.9,p.Tyr376Cys,c.1127A>G,missense_variant,,NA,,2,150654,1.33E-05,0,0,0.001327545,0,0,0,0,0,0,0.00489716,0,0,0,normal,poor,No,
p.Asp378Asn,p.(D378N),-0.159444631,-0.463539052,-0.026557453,378,1,M,N,FALSE,6,160139723,rs772007757,G,A,gnomAD Genomes,NA,PASS,ENST00000366963.9,p.Asp378Asn,c.1132G>A,missense_variant,,NA,,4,151726,2.64E-05,0,0,0.002636331,0,0.00950209,0,0,0,0,0,0,0,0.004413712,normal,normal,No,
p.Ser382Phe,p.(S382F),0.027167641,0.53072042,-0.302239202,382,1,M,F,FALSE,6,160139736,,C,T,gnomAD Genomes,NA,PASS,ENST00000366963.9,p.Ser382Phe,c.1145C>T,missense_variant,,NA,,1,152070,6.58E-06,0,0,0.000657592,0.047984645,0,0,0,0,0,0,0,0,0,normal,normal,No,
p.Ala383Ser,p.(A383S),0.158382814,-0.608462965,0.323175904,383,1,M,S,FALSE,6,160139738,rs771328506,G,T,gnomAD Genomes,NA,PASS,ENST00000366963.9,p.Ala383Ser,c.1147G>T,missense_variant,,NA,,1,151924,6.58E-06,0,0,0.000658224,0,0,0,0,0,0,0,0,0,0.001470891,normal,normal,No,
p.Ala383Thr,p.(A383T),0.048496799,-0.127958487,0.088470012,383,1,M,T,FALSE,6,160139738,rs771328506,G,A,gnomAD Genomes,NA,PASS,ENST00000366963.9,p.Ala383Thr,c.1147G>A,missense_variant,,NA,,6,151924,3.95E-05,0,0,0.003949343,0,0.009455371,0,0,0,0,0.007257947,0,0,0.002941782,normal,normal,No,
p.Glu386Lys,p.(E386K),-0.151973297,1.494467965,-0.388452987,386,1,M,K,FALSE,6,160139747,rs375891889,G,A,gnomAD Genomes,NA,PASS,ENST00000366963.9,p.Glu386Lys,c.1156G>A,missense_variant,,NA,,6,152022,3.95E-05,0,0,0.003946797,0,0,0,0,0.019267823,0,0.007251982,0,0,0.00294109,poor,normal,No,
p.Ile387Thr,p.(I387T),0.166491664,0.6697363,-0.800051331,387,1,M,T,FALSE,6,160139751,rs1028510253,T,C,gnomAD Genomes,NA,PASS,ENST00000366963.9,p.Ile387Thr,c.1160T>C,missense_variant,,NA,,1,152044,6.58E-06,0,0,0.000657704,0,0,0,0,0.019282684,0,0,0,0,0,poor,poor,No,
p.Pro388Leu,p.(P388L),-0.046843932,-0.449116591,0.713552867,388,1,M,L,FALSE,6,160139754,rs766886919,C,T,gnomAD Genomes,NA,PASS,ENST00000366963.9,p.Pro388Leu,c.1163C>T,missense_variant,,NA,,4,151998,2.63E-05,0,0,0.002631614,0,0,0,0,0,0,0,0.062240664,0,0.001470675,normal,normal,No,
p.Pro388Gln,p.(P388Q),0.1574049,1.006754057,-0.964622789,388,1,M,Q,FALSE,6,160139754,,C,A,gnomAD Genomes,NA,PASS,ENST00000366963.9,p.Pro388Gln,c.1163C>A,missense_variant,,NA,,1,151998,6.58E-06,0,0,0.000657903,0,0,0.006553939,0,0,0,0,0,0,0,poor,poor,No,
p.Ala390Thr,p.(A390T),0.301515473,0.299711677,-0.493059524,390,1,M,T,FALSE,6,160139759,rs1463159406,G,A,gnomAD Genomes,NA,PASS,ENST00000366963.9,p.Ala390Thr,c.1168G>A,missense_variant,,NA,,1,151996,6.58E-06,0,0,0.000657912,0,0,0,0,0,0,0,0.020721094,0,0,normal,normal,No,
p.Ala393Val,p.(A393V),-0.184607332,-1.30066097,0.660782752,393,1,M,V,FALSE,6,160139769,rs753699574,C,T,gnomAD Genomes,NA,PASS,ENST00000366963.9,p.Ala393Val,c.1178C>T,missense_variant,,NA,,1,152084,6.58E-06,0,0,0.000657531,0,0,0,0,0,0,0,0.02071251,0,0,normal,normal,No,
p.Thr396Ile,p.(T396I),-0.061126343,0.27315003,0.174715262,396,1,M,I,FALSE,6,160139778,rs754755645,C,T,gnomAD Genomes,NA,PASS,ENST00000366963.9,p.Thr396Ile,c.1187C>T,missense_variant,,NA,,3,152068,1.97E-05,0,0,0.001972802,0.04784689,0,0.006547073,0,0.019319938,0,0,0,0,0,normal,normal,No,
p.Ile397Thr,p.(I397T),0.106750741,0.221560174,-0.442702347,397,1,M,T,FALSE,6,160139781,rs752816558,T,C,gnomAD Genomes,NA,PASS,ENST00000366963.9,p.Ile397Thr,c.1190T>C,missense_variant,,NA,,1,152076,6.58E-06,0,0,0.000657566,0,0,0,0,0,0,0,0,0,0.001470199,normal,normal,No,
p.Arg399Cys,p.(R399C),-0.045756002,0.403791484,-0.747916695,399,1,M,C,FALSE,6,160139786,rs758557091,C,T,gnomAD Genomes,NA,PASS,ENST00000366963.9,p.Arg399Cys,c.1195C>T,missense_variant,,NA,,8,151968,5.26E-05,0,0,0.005264266,0,0,0.02622263,0,0,0,0.002419082,0,0,0.004411375,normal,poor,No,
p.Arg399His,p.(R399H),-0.019504748,0.454691219,-0.506784658,399,1,M,H,FALSE,6,160139787,rs777687557,G,A,gnomAD Genomes,NA,PASS,ENST00000366963.9,p.Arg399His,c.1196G>A,missense_variant,,NA,,3,151942,1.97E-05,0,0,0.001974438,0,0,0.006550504,0,0,0,0,0,0,0.002940917,normal,normal,No,
p.Arg399Ser,p.(R399S),0.084152967,-0.128227264,-0.307862344,399,1,M,S,FALSE,6,160139786,rs758557091,C,A,gnomAD Genomes,NA,PASS,ENST00000366963.9,p.Arg399Ser,c.1195C>A,missense_variant,,NA,,2,151968,1.32E-05,0,0,0.001316067,0,0,0,0,0,0,0.004838163,0,0,0,normal,normal,No,
p.Val400Leu,p.(V400L),0.069704588,0.016359564,0.843898272,400,1,M,L,FALSE,6,160139789,rs143522800,G,T,gnomAD Genomes,NA,PASS,ENST00000366963.9,p.Val400Leu,c.1198G>T,missense_variant,,NA,,60,151966,0.000394825,0,0,0.039482516,0,0,0.02621232,0,0,0,0.132991585,0.02078138,0,0,normal,normal,No,
p.Val400Met,p.(V400M),0.020805915,0.674808,-0.699408418,400,1,M,M,FALSE,6,160139789,rs143522800,G,A,gnomAD Genomes,NA,PASS,ENST00000366963.9,p.Val400Met,c.1198G>A,missense_variant,,NA,,7,151968,4.61E-05,0,0,0.004606233,0,0,0,0,0,0,0.002417912,0.02078138,0,0.007351211,poor,poor,No,
p.Gly401Ser,p.(G401S),0.233477071,1.30861316,-1.384299533,401,1,M,S,FALSE,6,160139792,rs34130495,G,A,gnomAD Genomes,NA,PASS,ENST00000366963.9,p.Gly401Ser,c.1201G>A,missense_variant,,NA,,2473,151930,0.016277233,24,0,1.627723294,1.768642447,1.713366149,0.858678553,3.956043956,0,0.316455696,0.437917352,0.186567164,1.008645533,2.738638035,poor,poor,Yes,
p.Arg402Gly,p.(R402G),-0.156672895,-0.745841935,-0.225075657,402,1,M,G,FALSE,6,160139795,rs369672295,C,G,gnomAD Genomes,NA,PASS,ENST00000366963.9,p.Arg402Gly,c.1204C>G,missense_variant,,NA,,3,151990,1.97E-05,0,0,0.001973814,0.04789272,0,0,0,0,0,0,0,0,0.002941003,normal,normal,No,
p.Ile403Val,p.(I403V),0.350336399,-0.355357258,0.29670117,403,1,M,V,FALSE,6,160139798,rs188898744,A,G,gnomAD Genomes,NA,PASS,ENST00000366963.9,p.Ile403Val,c.1207A>G,missense_variant,,NA,,126,152026,0.000828806,3,0,0.08288056,0.095785441,0,0.013095862,0,0.01933488,0,0.002417211,2.365145228,0,0.008821194,normal,normal,No,
p.Pro405Ser,p.(P405S),-0.287636297,-0.462769031,-0.453636394,405,1,M,S,FALSE,6,160139804,rs766425922,C,T,gnomAD Genomes,NA,PASS,ENST00000366963.9,p.Pro405Ser,c.1213C>T,missense_variant,,NA,,1,152074,6.58E-06,0,0,0.000657575,0,0,0,0,0,0,0,0,0,0.001470026,normal,normal,No,
p.Met406Ile,p.(M406I),-0.287036713,-0.105563544,0.739839847,406,1,M,I,FALSE,6,160139809,rs1334195659,G,A,gnomAD Genomes,NA,PASS,ENST00000366963.9,p.Met406Ile,c.1218G>A,missense_variant,,NA,,1,151952,6.58E-06,0,0,0.000658103,0,0,0,0,0,0,0,0,0,0.001470545,normal,normal,No,
p.Met408Val,p.(M408V),NA,NA,NA,408,1,M,V,FALSE,6,160139813,rs628031,A,G,gnomAD Genomes,NA,PASS,ENST00000366963.9,p.Met408Val,c.1222A>G,missense_variant,Benign,1283709,,98648,151618,0.650635149,32425,0,65.06351489,67.32245681,55.06014894,73.46845074,61.36865342,72.63198758,74.6835443,72.8128031,62.79699875,66.45533141,59.4653477,NA,NA,Yes,No DMS Data.  Known to be normal function
p.Met408Leu,p.(M408L),-0.047973834,-0.350341933,0.476924667,408,1,M,L,FALSE,6,160139813,rs628031,A,C,gnomAD Genomes,NA,PASS,ENST00000366963.9,p.Met408Leu,c.1222A>C,missense_variant,,NA,,28,151700,0.000184575,0,0,0.018457482,0,0,0.006557377,0,0,0,0.065429167,0,0,0,normal,normal,No,
p.Ala413Val,p.(A413V),-0.060709214,-0.301244163,0.229607842,413,1,M,V,FALSE,6,160139829,rs144322387,C,T,gnomAD Genomes,NA,PASS,ENST00000366963.9,p.Ala413Val,c.1238C>T,missense_variant,,NA,,10,150174,6.66E-05,0,0,0.006658942,0,0,0.006738544,0,0,0,0.004898839,0,0.028968714,0.008877315,normal,normal,No,
p.Gly414Ala,p.(G414A),0.240901378,0.240257363,0.201521122,414,1,M,A,FALSE,6,160139832,rs72552762,G,C,gnomAD Genomes,NA,PASS,ENST00000366963.9,p.Gly414Ala,c.1241G>C,missense_variant,,NA,,9,148646,6.05E-05,0,0,0.006054653,0,0,0,0,0,0,0,0.196420777,0,0,normal,normal,Yes,
p.Val419Ile,p.(V419I),-0.17934449,-0.039730187,0.607822615,419,1,M,I,FALSE,6,160139846,rs200915918,G,A,gnomAD Genomes,NA,PASS,ENST00000366963.9,p.Val419Ile,c.1255G>A,missense_variant,,NA,,64,124010,0.000516087,1,0,0.051608741,0.124688279,0,0.056947608,0,0.132100396,0,0.110001189,0.325732899,0,0.00174514,normal,normal,No,
p.Met420del,p.(M420del),-0.17535306,0.180130695,-0.198624244,420,1,D,D_1,FALSE,6,160139848,rs72552763,CATG,C,gnomAD Genomes,NA,PASS,ENST00000366963.9,p.Met420del,c.1260_1262del,inframe_deletion,,NA,,21145,139762,0.151292912,1799,0,15.12929122,16.16541353,16.56626506,24.31752874,8.761682243,0.273972603,16.31944444,6.913284238,17.7293578,12.69744836,18.3285215,normal,normal,Yes,Known to have reduced function for most substrate
p.Met420Ile,p.(M420I),-0.107644921,0.30681863,-0.420900894,420,1,M,I,FALSE,6,160139851,,G,A,gnomAD Genomes,NA,PASS,ENST00000366963.9,p.Met420Ile,c.1260G>A,missense_variant,,NA,,1,94760,1.06E-05,0,0,0.001055298,0,0,0,0,0,0,0.003657912,0,0,0,normal,normal,No,
p.Met420Val,p.(M420V),-0.263620674,0.337648648,-0.136142302,420,1,M,V,FALSE,6,160139849,rs142448543,A,G,gnomAD Genomes,NA,PASS,ENST00000366963.9,p.Met420Val,c.1258A>G,missense_variant,,NA,,2,97982,2.04E-05,0,0,0.002041191,0,0,0,0,0,0,0,0,0,0.004646408,normal,normal,No,
p.Ile423Val,p.(I423V),0.059528622,0.265058513,-0.136579718,423,1,M,V,FALSE,6,160139858,,A,G,gnomAD Genomes,NA,PASS,ENST00000366963.9,p.Ile423Val,c.1267A>G,missense_variant,,NA,,1,89820,1.11E-05,0,0,0.001113338,0,0,0,0,0,0,0.005081301,0,0,0,normal,normal,No,
p.Pro425Thr,p.(P425T),-0.155865603,-0.707420726,0.595689117,425,1,M,T,FALSE,6,160139864,rs1237155227,C,A,gnomAD Genomes,NA,PASS,ENST00000366963.9,p.Pro425Thr,c.1273C>A,missense_variant,,NA,,2,84848,2.36E-05,0,0,0.002357156,0,0,0,0,0,0,0,0,0,0.004564543,normal,normal,No,
p.Asp426Val,p.(D426V),0.06091616,-0.374092481,0.20809308,426,1,M,V,FALSE,6,160143541,,A,T,gnomAD Genomes,NA,PASS,ENST00000366963.9,p.Asp426Val,c.1277A>T,missense_variant,,NA,,2,152118,1.31E-05,0,0,0.001314769,0,0,0,0,0,0,0.004831151,0,0,0,normal,normal,No,
p.His428Arg,p.(H428R),-0.141955751,-0.282987438,0.742132359,428,1,M,R,FALSE,6,160143547,rs1329739600,A,G,gnomAD Genomes,NA,PASS,ENST00000366963.9,p.His428Arg,c.1283A>G,missense_variant,,NA,,1,152186,6.57E-06,0,0,0.000657091,0,0,0,0,0,0,0.002413477,0,0,0,normal,normal,No,
p.Met435Thr,p.(M435T),-0.188566725,0.170979367,-0.336798733,435,1,M,T,FALSE,6,160143568,rs563730043,T,C,gnomAD Genomes,NA,PASS,ENST00000366963.9,p.Met435Thr,c.1304T>C,missense_variant,,NA,,1,152124,6.57E-06,0,0,0.000657358,0,0,0,0,0,0,0,0,0,0.001469983,normal,normal,No,
p.Arg439Gln,p.(R439Q),0.097832243,0.963252414,-0.179288479,439,1,M,Q,FALSE,6,160143580,rs561378730,G,A,gnomAD Genomes,NA,PASS,ENST00000366963.9,p.Arg439Gln,c.1316G>A,missense_variant,,NA,,1,152102,6.57E-06,0,0,0.000657454,0,0,0,0,0,0,0,0.020772746,0,0,poor,normal,No,
p.Met440Ile,p.(M440I),0.06226427,-0.137631541,0.153254209,440,1,M,I,FALSE,6,160143584,rs35956182,G,A,gnomAD Genomes,NA,PASS,ENST00000366963.9,p.Met440Ile,c.1320G>A,missense_variant,Benign,773205,,1054,152158,0.00692701,9,0,0.692701008,0.478011472,2.206298322,0.609117108,0.877192982,0,0,0.197905102,0.041425021,0.69124424,0.883433779,normal,normal,Yes,
p.Ile446Val,p.(I446V),0.083620895,-0.130464393,-0.202974382,446,1,M,V,FALSE,6,160143600,rs376992200,A,G,gnomAD Genomes,NA,PASS,ENST00000366963.9,p.Ile446Val,c.1336A>G,missense_variant,,NA,,2,152196,1.31E-05,0,0,0.001314095,0,0,0,0,0,0,0,0,0,0.002939534,normal,normal,No,
p.Gln447His,p.(Q447H),0.221993128,-0.013697425,0.221732587,447,1,M,H,FALSE,6,160143605,,A,C,gnomAD Genomes,NA,PASS,ENST00000366963.9,p.Gln447His,c.1341A>C,missense_variant,,NA,,1,152170,6.57E-06,0,0,0.00065716,0,0,0,0,0,0,0.002414176,0,0,0,normal,normal,No,
p.Met448Lys,p.(M448K),0.277152502,1.875459987,-1.064345059,448,1,M,K,FALSE,6,160143607,rs774602617,T,A,gnomAD Genomes,NA,PASS,ENST00000366963.9,p.Met448Lys,c.1343T>A,missense_variant,,NA,,2,152188,1.31E-05,0,0,0.001314164,0,0,0,0,0,0,0.004825323,0,0,0,poor,poor,No,
p.Ile449Thr,p.(I449T),-0.15641606,-0.04311376,1.09936825,449,1,M,T,FALSE,6,160143610,rs183240019,T,C,gnomAD Genomes,NA,PASS,ENST00000366963.9,p.Ile449Thr,c.1346T>C,missense_variant,,NA,,5,152130,3.29E-05,0,0,0.003286663,0,0,0,0,0.096227868,0,0,0,0,0,normal,normal,Yes,
p.Cys450Ser,p.(C450S),0.131854517,0.075093038,0.08468832,450,1,M,S,FALSE,6,160143613,rs1328093234,G,C,gnomAD Genomes,NA,PASS,ENST00000366963.9,p.Cys450Ser,c.1349G>C,missense_variant,,NA,,1,152158,6.57E-06,0,0,0.000657212,0,0,0,0,0,0,0.00241371,0,0,0,normal,normal,No,
p.Val452Ala,p.(V452A),0.034815992,0.222847199,0.349971716,452,1,M,A,FALSE,6,160143619,,T,C,gnomAD Genomes,NA,PASS,ENST00000366963.9,p.Val452Ala,c.1355T>C,missense_variant,,NA,,1,152156,6.57E-06,0,0,0.00065722,0,0,0,0,0,0,0.002414642,0,0,0,normal,normal,No,
p.Phe460Ser,p.(F460S),-0.256339233,-0.6798124,0.007773854,460,1,M,S,FALSE,6,160143643,rs566850839,T,C,gnomAD Genomes,NA,PASS,ENST00000366963.9,p.Phe460Ser,c.1379T>C,missense_variant,,NA,,2,152142,1.31E-05,0,0,0.001314561,0,0,0,0,0,0,0.004830218,0,0,0,normal,normal,No,
p.Val461Ile,p.(V461I),-0.082007987,-0.510601071,0.391335063,461,1,M,I,FALSE,6,160143645,rs34295611,G,A,gnomAD Genomes,NA,PASS,ENST00000366963.9,p.Val461Ile,c.1381G>A,missense_variant,,NA,,379,152150,0.002490963,5,0,0.249096287,0.09596929,0,0.065462163,0,0,0,0.883545771,0,0,0.001469853,normal,normal,Yes,
p.Arg462Lys,p.(R462K),0.015600617,1.096869038,-1.324782016,462,1,M,K,FALSE,6,160143649,rs1422280676,G,A,gnomAD Genomes,NA,PASS,ENST00000366963.9,p.Arg462Lys,c.1385G>A,missense_variant,,NA,,1,152206,6.57E-06,0,0,0.000657004,0,0,0,0,0,0,0,0,0,0.00146968,poor,poor,No,
p.Asn463Lys,p.(N463K),0.054110127,2.012394538,-1.859405519,463,1,M,K,FALSE,6,160154801,rs372769082,C,A,gnomAD Genomes,NA,PASS,ENST00000366963.9,p.Asn463Lys,c.1389C>A,missense_variant,,NA,,2,152224,1.31E-05,0,0,0.001313853,0,0,0,0,0,0,0.004824159,0,0,0,poor,poor,No,
p.Gly465Arg,p.(G465R),-0.17440728,1.724484789,-2.066911143,465,1,M,R,FALSE,6,160154805,rs34059508,G,A,gnomAD Genomes,NA,PASS,ENST00000366963.9,p.Gly465Arg,c.1393G>A,missense_variant,,NA,,2109,152196,0.013857132,17,0,1.385713159,0.907354346,0.856873823,0.915990578,2.192982456,0,1.265822785,0.402992278,0.248447205,0.893371758,2.388441413,poor,poor,Yes,
p.Met467Thr,p.(M467T),-0.071218269,-0.87854134,0.205130558,467,1,M,T,FALSE,6,160154812,rs1236372788,T,C,gnomAD Genomes,NA,PASS,ENST00000366963.9,p.Met467Thr,c.1400T>C,missense_variant,,NA,,1,152250,6.57E-06,0,0,0.000656814,0,0,0,0,0,0,0.002411731,0,0,0,normal,normal,No,
p.Val468Met,p.(V468M),-0.076025003,0.066725414,-0.200305852,468,1,M,M,FALSE,6,160154814,rs1400356697,G,A,gnomAD Genomes,NA,PASS,ENST00000366963.9,p.Val468Met,c.1402G>A,missense_variant,,NA,,1,152214,6.57E-06,0,0,0.00065697,0,0,0,0,0,0,0.002412662,0,0,0,normal,normal,No,
p.Cys469Phe,p.(C469F),-0.314632625,1.724247727,-1.863848797,469,1,M,F,FALSE,6,160154818,rs773357506,G,T,gnomAD Genomes,NA,PASS,ENST00000366963.9,p.Cys469Phe,c.1406G>T,missense_variant,,NA,,1,152224,6.57E-06,0,0,0.000656927,0,0,0,0,0,0,0.002412312,0,0,0,poor,poor,No,
p.Ile475Thr,p.(I475T),0.063854185,0.196078296,-0.641714103,475,1,M,T,FALSE,6,160154836,rs776762378,T,C,gnomAD Genomes,NA,PASS,ENST00000366963.9,p.Ile475Thr,c.1424T>C,missense_variant,,NA,,4,152228,2.63E-05,0,0,0.002627637,0.047755492,0,0,0,0,0,0.002411382,0,0,0.002939966,normal,poor,No,
p.Thr480Ile,p.(T480I),0.067182417,-0.231141719,0.053510464,480,1,M,I,FALSE,6,160154851,rs371711958,C,T,gnomAD Genomes,NA,PASS,ENST00000366963.9,p.Thr480Ile,c.1439C>T,missense_variant,,NA,,1,152210,6.57E-06,0,0,0.000656987,0,0,0,0,0,0,0.002412196,0,0,0,normal,normal,No,
p.Arg486Trp,p.(R486W),0.081004284,1.199020673,0.055329571,486,1,M,W,FALSE,6,160154868,rs376666175,A,T,gnomAD Genomes,NA,PASS,ENST00000366963.9,p.Arg486Trp,c.1456A>T,missense_variant,,NA,,1,152192,6.57E-06,0,0,0.000657065,0,0,0,0,0,0,0,0,0.028851702,0,poor,normal,No,
p.Arg488Met,p.(R488M),-0.096185859,0.054840937,-0.021066413,488,1,M,M,FALSE,6,160154875,rs35270274,G,T,gnomAD Genomes,NA,PASS,ENST00000366963.9,p.Arg488Met,c.1463G>T,missense_variant,,NA,,1556,152192,0.010223928,31,0,1.022392767,0.812619503,0,0.248691099,0,0,0,3.551780716,0.103562552,0.028835063,0.033804639,normal,normal,Yes,
p.Val490Ile,p.(V490I),0.068792219,-0.369325988,0.884187404,490,1,M,I,FALSE,6,160154880,rs75044845,G,A,gnomAD Genomes,NA,PASS,ENST00000366963.9,p.Val490Ile,c.1468G>A,missense_variant,,NA,,1,152206,6.57E-06,0,0,0.000657004,0,0,0,0,0.019245574,0,0,0,0,0,normal,normal,No,
p.Leu498Phe,p.(L498F),-0.002647352,-0.067572362,0.301297949,498,1,M,F,FALSE,6,160154906,,G,T,gnomAD Genomes,NA,PASS,ENST00000366963.9,p.Leu498Phe,c.1494G>T,missense_variant,,NA,,1,152172,6.57E-06,0,0,0.000657151,0,0,0.006544503,0,0,0,0,0,0,0,normal,normal,No,
p.Ala500Val,p.(A500V),-0.058182686,-0.506111343,0.203112096,500,1,M,V,FALSE,6,160155975,rs1031886489,C,T,gnomAD Genomes,NA,PASS,ENST00000366963.9,p.Ala500Val,c.1499C>T,missense_variant,,NA,,1,152052,6.58E-06,0,0,0.00065767,0,0.009439305,0,0,0,0,0,0,0,0,normal,normal,No,
p.Ala500Pro,p.(A500P),0.082915744,0.969022483,-1.25582207,500,1,M,P,FALSE,6,160154910,rs777622481,G,C,gnomAD Genomes,NA,PASS,ENST00000366963.9,p.Ala500Pro,c.1498G>C,missense_variant,,NA,,1,152120,6.57E-06,0,0,0.000657376,0,0,0,0,0.019245574,0,0,0,0,0,poor,poor,No,
p.Val501Leu,p.(V501L),0.247911915,-0.09972744,0.351924636,501,1,M,L,FALSE,6,160155977,,G,C,gnomAD Genomes,NA,PASS,ENST00000366963.9,p.Val501Leu,c.1501G>C,missense_variant,,NA,,1,152110,6.57E-06,0,0,0.000657419,0,0,0,0,0,0,0,0.02076412,0,0,normal,normal,No,
p.Val501Glu,p.(V501E),0.286249326,0.828627929,-1.880307148,501,1,M,E,FALSE,6,160155978,rs780279179,T,A,gnomAD Genomes,NA,PASS,ENST00000366963.9,p.Val501Glu,c.1502T>A,missense_variant,,NA,,7,152100,4.60E-05,0,0,0.004602235,0,0,0,0,0,0,0.016909029,0,0,0,poor,poor,No,
p.Gly503Cys,p.(G503C),-0.123448198,0.304112904,0.008046251,503,1,M,C,FALSE,6,160155983,rs911925014,G,T,gnomAD Genomes,NA,PASS,ENST00000366963.9,p.Gly503Cys,c.1507G>T,missense_variant,,NA,,2,152016,1.32E-05,0,0,0.001315651,0,0,0,0,0,0,0,0,0,0.002940312,normal,normal,No,
p.Leu505Phe,p.(L505F),0.156043632,0.221151536,-0.069264768,505,1,M,F,FALSE,6,160155989,rs1291142120,C,T,gnomAD Genomes,NA,PASS,ENST00000366963.9,p.Leu505Phe,c.1513C>T,missense_variant,,NA,,1,152114,6.57E-06,0,0,0.000657402,0,0,0,0,0,0,0.002414526,0,0,0,normal,normal,No,
p.Ala507Thr,p.(A507T),1.038805033,NA,0.681937648,507,1,M,T,FALSE,6,160155995,rs776304541,G,A,gnomAD Genomes,NA,PASS,ENST00000366963.9,p.Ala507Thr,c.1519G>A,missense_variant,,NA,,8,151964,5.26E-05,0,0,0.005264405,0,0,0,0,0,0,0.012090144,0.020850709,0,0.00294083,NA,normal,No,
p.Ala507Val,p.(A507V),0.105549247,0.579228837,-0.548861152,507,1,M,V,FALSE,6,160155996,rs759182235,C,T,gnomAD Genomes,NA,PASS,ENST00000366963.9,p.Ala507Val,c.1520C>T,missense_variant,,NA,,2,152048,1.32E-05,0,0,0.001315374,0,0,0,0,0,0,0.002416393,0.020815987,0,0,normal,normal,No,
p.Ala507Glu,p.(A507E),-0.25825768,1.214741934,-3.671215097,507,1,M,E,FALSE,6,160155996,rs759182235,C,A,gnomAD Genomes,NA,PASS,ENST00000366963.9,p.Ala507Glu,c.1520C>A,missense_variant,,NA,,1,152048,6.58E-06,0,0,0.000657687,0,0,0,0,0,0,0,0,0,0.00146994,poor,poor,No,
p.Gly508Arg,p.(G508R),0.187067999,0.536325665,-1.067082507,508,1,M,R,FALSE,6,160155998,rs201773691,G,A,gnomAD Genomes,NA,PASS,ENST00000366963.9,p.Gly508Arg,c.1522G>A,missense_variant,,NA,,1,152072,6.58E-06,0,0,0.000657583,0,0,0,0,0,0,0.002415809,0,0,0,normal,poor,No,
p.Thr510Met,p.(T510M),-0.153723582,0.588149917,-1.097704404,510,1,M,M,FALSE,6,160156005,rs201436325,C,T,gnomAD Genomes,NA,PASS,ENST00000366963.9,p.Thr510Met,c.1529C>T,missense_variant,,NA,,6,152030,3.95E-05,0,0,0.003946589,0,0,0,0,0,0,0.004830451,0,0,0.005880623,normal,poor,No,
p.Thr516Asn,p.(T516N),-0.086666327,1.128281845,-1.065199707,516,1,M,N,FALSE,6,160156023,rs757129099,C,A,gnomAD Genomes,NA,PASS,ENST00000366963.9,p.Thr516Asn,c.1547C>A,missense_variant,,NA,,1,152046,6.58E-06,0,0,0.000657696,0,0.009425071,0,0,0,0,0,0,0,0,poor,poor,No,
p.Gly518Glu,p.(G518E),0.689370996,0.812492089,-0.939165828,518,1,M,E,FALSE,6,160156029,rs780821519,G,A,gnomAD Genomes,NA,PASS,ENST00000366963.9,p.Gly518Glu,c.1553G>A,missense_variant,,NA,,1,152066,6.58E-06,0,0,0.000657609,0,0,0,0,0.019275251,0,0,0,0,0,poor,poor,No,
p.Val519Phe,p.(V519F),0.346882353,-0.939964071,0.107775184,519,1,M,F,FALSE,6,160156031,rs78899680,G,T,gnomAD Genomes,NA,PASS,ENST00000366963.9,p.Val519Phe,c.1555G>T,missense_variant,,NA,,886,152102,0.005825038,11,0,0.582503846,0.28708134,0.009426848,0.216308338,0,0,1.265822785,2.00637404,0.062189055,0,0.011759864,normal,normal,No,
p.Val519Ile,p.(V519I),0.422853488,0.652963149,0.504939015,519,1,M,I,FALSE,6,160156031,rs78899680,G,A,gnomAD Genomes,NA,PASS,ENST00000366963.9,p.Val519Ile,c.1555G>A,missense_variant,,NA,,69,152104,0.000453637,0,0,0.045363699,0,0,0.006554798,0,0,0,0.019314341,0,0,0.088198977,poor,normal,No,
p.Ala520Thr,p.(A520T),-0.0543297,0.15883786,-0.552363554,520,1,M,T,FALSE,6,160156034,rs760456949,G,A,gnomAD Genomes,NA,PASS,ENST00000366963.9,p.Ala520Thr,c.1558G>A,missense_variant,,NA,,3,152058,1.97E-05,0,0,0.001972931,0,0,0.006550504,0,0.019275251,0,0,0,0,0.001470286,normal,normal,No,
p.Glu523Gly,p.(E523G),0.325414125,-0.796895402,-0.369715202,523,1,M,G,FALSE,6,160156044,rs768577979,A,G,gnomAD Genomes,NA,PASS,ENST00000366963.9,p.Glu523Gly,c.1568A>G,missense_variant,,NA,,4,152142,2.63E-05,0,0,0.002629123,0,0,0,0,0,0,0,0,0,0.005880105,normal,normal,No,
p.Lys526Met,p.(K526M),0.000659817,-0.270628707,0.618952675,526,1,M,M,FALSE,6,160156053,rs748571557,A,T,gnomAD Genomes,NA,PASS,ENST00000366963.9,p.Lys526Met,c.1577A>T,missense_variant,,NA,,1,152134,6.57E-06,0,0,0.000657315,0,0,0,0,0,0,0,0.02076412,0,0,normal,normal,No,
p.Asp527Asn,p.(D527N),0.089646061,-0.160492777,-0.109350792,527,1,M,N,FALSE,6,160156055,rs572977211,G,A,gnomAD Genomes,NA,PASS,ENST00000366963.9,p.Asp527Asn,c.1579G>A,missense_variant,,NA,,1,152108,6.57E-06,0,0,0.000657428,0,0,0,0,0,0,0.002414176,0,0,0,normal,normal,No,
p.Ala528Val,p.(A528V),0.603316933,NA,-0.0199703,528,1,M,V,FALSE,6,160156059,rs760968629,C,T,gnomAD Genomes,NA,PASS,ENST00000366963.9,p.Ala528Val,c.1583C>T,missense_variant,,NA,,1,152146,6.57E-06,0,0,0.000657263,0,0,0,0,0,0,0.002413943,0,0,0,NA,normal,No,
p.Ala528Thr,p.(A528T),0.485558782,-0.026311137,-0.650048318,528,1,M,T,FALSE,6,160156058,rs1283229958,G,A,gnomAD Genomes,NA,PASS,ENST00000366963.9,p.Ala528Thr,c.1582G>A,missense_variant,,NA,,2,152076,1.32E-05,0,0,0.001315132,0,0,0,0,0,0,0.002415226,0,0,0.001470458,normal,poor,No,
p.Glu529Lys,p.(E529K),-0.096505782,0.367186562,-0.892819995,529,1,M,K,FALSE,6,160156061,rs377475089,G,A,gnomAD Genomes,NA,PASS,ENST00000366963.9,p.Glu529Lys,c.1585G>A,missense_variant,,NA,,1,152150,6.57E-06,0,0,0.000657246,0,0,0,0,0,0,0.002413826,0,0,0,normal,poor,No,
p.Leu531Pro,p.(L531P),-0.063034374,-0.050788303,-0.456468343,531,1,M,P,FALSE,6,160156068,rs1352843412,T,C,gnomAD Genomes,NA,PASS,ENST00000366963.9,p.Leu531Pro,c.1592T>C,missense_variant,,NA,,1,152130,6.57E-06,0,0,0.000657333,0,0,0,0,0,0,0,0,0,0.001470329,normal,normal,No,
p.Arg533Lys,p.(R533K),0.054087212,0.685240712,-0.35918415,533,1,M,K,FALSE,6,160156074,rs1282112645,G,A,gnomAD Genomes,NA,PASS,ENST00000366963.9,p.Arg533Lys,c.1598G>A,missense_variant,,NA,,1,152168,6.57E-06,0,0,0.000657168,0,0,0,0,0,0,0.00241336,0,0,0,poor,normal,No,
p.Pro537Ser,p.(P537S),0.407896641,-0.082987769,0.036206404,537,1,M,S,FALSE,6,160158526,rs775176687,C,T,gnomAD Genomes,NA,PASS,ENST00000366963.9,p.Pro537Ser,c.1609C>T,missense_variant,,NA,,2,152162,1.31E-05,0,0,0.001314389,0,0,0.013092433,0,0,0,0,0,0,0,normal,normal,No,
p.Lys538Arg,p.(K538R),0.252825271,-0.165351325,0.075021639,538,1,M,R,FALSE,6,160158530,rs931995364,A,G,gnomAD Genomes,NA,PASS,ENST00000366963.9,p.Lys538Arg,c.1613A>G,missense_variant,,NA,,2,152172,1.31E-05,0,0,0.001314302,0,0,0,0,0,0,0.004828818,0,0,0,normal,normal,No,
p.Thr541Met,p.(T541M),0.362187894,-0.089603461,0.128319564,541,1,M,M,FALSE,6,160158539,rs773723430,C,T,gnomAD Genomes,NA,PASS,ENST00000366963.9,p.Thr541Met,c.1622C>T,missense_variant,,NA,,9,152148,5.92E-05,0,0,0.005915293,0,0,0.006545359,0,0,0,0.012071463,0,0,0.004410857,normal,normal,No,
p.Ile542Val,p.(I542V),0.015669525,-0.678062711,0.519778478,542,1,M,V,FALSE,6,160158541,rs137928512,A,G,gnomAD Genomes,NA,PASS,ENST00000366963.9,p.Ile542Val,c.1624A>G,missense_variant,,NA,,3,152168,1.97E-05,0,0,0.001971505,0,0,0,0,0,0,0,0,0,0.00440956,normal,normal,No,
p.Ala467Thr,NA,NA,NA,NA,NA,NA,NA,NA,NA,6,160155988,rs762260337,G,A,gnomAD Genomes,NA,PASS,ENST00000324965.8,p.Ala467Thr,c.1399G>A,missense_variant,,NA,,3,152102,1.97E-05,0,0,0.001972361,0,0,0,0,0,0,0,0.06234414,0,0,NA,NA,No,
p.Ala473Thr,NA,NA,NA,NA,NA,NA,NA,NA,NA,6,160156006,rs764119715,G,A,gnomAD Genomes,NA,PASS,ENST00000324965.8,p.Ala473Thr,c.1417G>A,missense_variant,,NA,,2,152008,1.32E-05,0,0,0.00131572,0,0,0.013099293,0,0,0,0,0,0,0,NA,NA,No,
p.Arg469Cys,NA,NA,NA,NA,NA,NA,NA,NA,NA,6,160155994,rs199611724,C,T,gnomAD Genomes,NA,PASS,ENST00000324965.8,p.Arg469Cys,c.1405C>T,missense_variant,,NA,,2,151988,1.32E-05,0,0,0.001315893,0,0,0.006552221,0,0.019282684,0,0,0,0,0,NA,NA,No,
p.Arg482Cys,NA,NA,NA,NA,NA,NA,NA,NA,NA,6,160156033,rs543955963,C,T,gnomAD Genomes,NA,PASS,ENST00000324965.8,p.Arg482Cys,c.1444C>T,missense_variant,,NA,,2,152076,1.32E-05,0,0,0.001315132,0,0,0,0,0,0,0,0,0,0.002940744,NA,NA,No,
p.Arg490Cys,NA,NA,NA,NA,NA,NA,NA,NA,NA,6,160156057,rs749919705,C,T,gnomAD Genomes,NA,PASS,ENST00000324965.8,p.Arg490Cys,c.1468C>T,missense_variant,,NA,,6,152136,3.94E-05,0,0,0.00394384,0,0,0,0,0,0,0.009656704,0,0,0.002939879,NA,NA,No,
p.Gln500Glu,NA,NA,NA,NA,NA,NA,NA,NA,NA,6,160158528,rs748864081,C,G,gnomAD Genomes,NA,PASS,ENST00000324965.8,p.Gln500Glu,c.1498C>G,missense_variant,,NA,,1,152104,6.57E-06,0,0,0.000657445,0,0,0,0,0.019245574,0,0,0,0,0,NA,NA,No,
p.Glu495Lys,NA,NA,NA,NA,NA,NA,NA,NA,NA,6,160156072,rs201717808,G,A,gnomAD Genomes,NA,PASS,ENST00000324965.8,p.Glu495Lys,c.1483G>A,missense_variant,,NA,,3,152102,1.97E-05,0,0,0.001972361,0,0,0.019636078,0,0,0,0,0,0,0,NA,NA,No,
p.Gly463Ser,NA,NA,NA,NA,NA,NA,NA,NA,NA,6,160155976,rs770037151,G,A,gnomAD Genomes,NA,PASS,ENST00000324965.8,p.Gly463Ser,c.1387G>A,missense_variant,,NA,,1,152002,6.58E-06,0,0,0.000657886,0,0,0,0,0.019312476,0,0,0,0,0,NA,NA,No,
p.Gly470Arg,NA,NA,NA,NA,NA,NA,NA,NA,NA,6,160155997,rs190618014,G,A,gnomAD Genomes,NA,PASS,ENST00000324965.8,p.Gly470Arg,c.1408G>A,missense_variant,,NA,,3,152022,1.97E-05,0,0,0.001973399,0,0,0.006550504,0,0.019357336,0,0,0,0,0.001470415,NA,NA,No,
p.Gly553Asp,NA,NA,NA,NA,NA,NA,NA,NA,NA,6,160158575,rs370333103,G,A,gnomAD Genomes,NA,PASS,ENST00000366963.9,p.Gly553Asp,c.1658G>A,missense_variant,,NA,,2,152192,1.31E-05,0,0,0.00131413,0,0,0,0,0,0,0,0,0,0.00293962,NA,NA,No,
p.His487Asn,NA,NA,NA,NA,NA,NA,NA,NA,NA,6,160156048,rs553188231,C,A,gnomAD Genomes,NA,PASS,ENST00000324965.8,p.His487Asn,c.1459C>A,missense_variant,,NA,,1,152124,6.57E-06,0,0,0.000657358,0,0,0,0,0.019252984,0,0,0,0,0,NA,NA,No,
p.His503Tyr,NA,NA,NA,NA,NA,NA,NA,NA,NA,6,160158537,rs146918113,C,T,gnomAD Genomes,NA,PASS,ENST00000324965.8,p.His503Tyr,c.1507C>T,missense_variant,,NA,,49,152168,0.000322013,0,0,0.032201251,0.047801147,0,0,0,0,0,0.115863667,0,0,0,NA,NA,No,
p.Leu544Pro,NA,NA,NA,NA,NA,NA,NA,NA,NA,6,160158548,rs767520722,T,C,gnomAD Genomes,NA,PASS,ENST00000366963.9,p.Leu544Pro,c.1631T>C,missense_variant,,NA,,2,152200,1.31E-05,0,0,0.00131406,0,0,0,0,0,0,0,0,0,0.00293962,NA,NA,No,
p.Ser552Leu,NA,NA,NA,NA,NA,NA,NA,NA,NA,6,160158572,rs778272296,C,T,gnomAD Genomes,NA,PASS,ENST00000366963.9,p.Ser552Leu,c.1655C>T,missense_variant,,NA,,3,152178,1.97E-05,0,0,0.001971376,0,0,0,0,0.019238169,0,0,0,0,0.002939966,NA,NA,No,
p.Thr554Ala,NA,NA,NA,NA,NA,NA,NA,NA,NA,6,160158577,rs757663696,A,G,gnomAD Genomes,NA,PASS,ENST00000366963.9,p.Thr554Ala,c.1660A>G,missense_variant,,NA,,1,152192,6.57E-06,0,0,0.000657065,0,0,0,0,0,0,0,0,0,0.001470242,NA,NA,No,
p.Thr554Ile,NA,NA,NA,NA,NA,NA,NA,NA,NA,6,160158578,rs1305281290,C,T,gnomAD Genomes,NA,PASS,ENST00000366963.9,p.Thr554Ile,c.1661C>T,missense_variant,,NA,,1,152130,6.57E-06,0,0,0.000657333,0,0,0,0,0,0,0.002413943,0,0,0,NA,NA,No,
p.Thr554Pro,NA,NA,NA,NA,NA,NA,NA,NA,NA,6,160158577,rs757663696,A,C,gnomAD Genomes,NA,PASS,ENST00000366963.9,p.Thr554Pro,c.1660A>C,missense_variant,,NA,,1,152194,6.57E-06,0,0,0.000657056,0,0,0,0,0,0,0,0,0,0.001470199,NA,NA,No,
p.Val464Ile,NA,NA,NA,NA,NA,NA,NA,NA,NA,6,160155979,rs41267797,G,A,gnomAD Genomes,NA,PASS,ENST00000324965.8,p.Val464Ile,c.1390G>A,missense_variant,,NA,,8928,152032,0.058724479,533,0,5.872447906,4.990403071,2.659373821,3.181044639,3.837719298,0.096487843,2.848101266,16.23203832,1.906340655,1.124567474,1.714100906,NA,NA,No,